,ns,qwiki_id,title,wikipedia_id
0,,,Barbus aeneus,
0,,,Barbus marequensis,
0,,,Tribolodon taczanowskii,
0,,,Labeo dero,
0,,,Labeo sindensis,
0,,,Labeo darlingi,
0,,,Chela laubuca,
0,,,Cyclocheilichthys dumerilii,
0,,,Osteochilus hasselti,
0,,,Rasbora elanga,
0,,,Tor soro,
0,,,Moroco steindachneri,
0,,,Leptobarbus hoeveni,
0,,,Carassioides cantonensis,
0,,,Eupallasella perenurus,
0,,,Gymnocypris biswasi,
0,,,Hemigrammocypris lini,
0,,,Lagowskiella czekanowskii,
0,,,Leucalburnus kosswigi,
0,,,Neobola moeruensis,
0,,,Parapsilorhynchus tentaculatus,
0,,,Parazacco vuquangensis,
0,,,Parluciosoma labiosa,
0,,,Platygobio gracilis,
0,,,Procypris merus,
0,,,Prolabeops melanhypoptera,
0,,,Pseudoperilampus hondae,
0,,,Rasborinus lineatus,
0,,,Sinilabeo decorus,
0,,,Squalidus biwae,
0,,,Systomus brevis,
0,,,Xenocypris argentea,
0,,,Varicorhinus beso,
0,0,Q431584,Gold-Steinbeißer,8460346
0,,,Somileptes gongota,
0,,,Lepidocephalus annandalei,
0,,,Iksookimia choii,
0,,,Enobarbichthys maculatus,
0,,,Annamia normani,
0,,,Bhavania australis,
0,,,Crossostoma lacustre,
0,,,Ellopostoma megalomycter,
0,,,Glaniopsis denudata,
0,,,Hemimyzon formosanum,
0,,,Hypergastromyzon eubranchus,
0,,,Lefua echigonia,
0,,,Neogastromyzon nieuwenhuisii,
0,,,Orthrias panthera,
0,,,Physoschistura brunneanus,
0,,,Protomyzon aphelocheilus,
0,,,Sectoria atriceps,
0,,,Sewellia lineolata,
0,,,Travancoria jonesi,
0,,,Tuberoschistura cambodgiensis,
0,,,Vaillantella cinnamomea,
0,,,Asprotilapia leptura,
0,,,Chromidotilapia batesii,
0,0,Q3576,Chanchito,3891570
0,,,Cichlasoma maculicauda,
0,0,Q3546,Zebrabuntbarsch,493309
0,,,Enantiopus albini,
0,,,Heros appendiculatus,
0,,,Maravichromis formosus,
0,,,Microdontochromis rotundiventralis,
0,,,Nanochromis consortus,
0,,,Retroculus lapidifera,
0,,,Aequidens portalegrensis,
0,,,Aequidens pulchrus,
0,,,Pseudotropheus aurora,
0,0,Q138547,Maylandia callainos,7096350
0,,,Symphysodon aequifasciata,
0,0,Q420649,Haplochromis eduardianus,10130422
0,,,Crenicara filamentosa,
0,,,Telotrematocara macrostoma,
0,,,Cynothrissa ansorgii,
0,,,Cynothrissa mento,
0,,,Poecilothrissa moeruensis,
0,,,Cromeria nilotica,
0,,,Hippopotamyrus discorhynchus,
0,,,Mormyrus rume,
0,0,Q5520533,Petrocephalus catostoma,8326946
0,,,Pollimyrus isidori,
0,,,Stomatorhinus ater,
0,,,Astyanax bimaculatus,
0,,,Brycon cephalus,
0,,,Brycon erythropterum,
0,,,Brycon lundii,
0,,,Brycon moorei,
0,,,Hemigrammus caudovittatus,
0,,,Bryconamericus beta,
0,,,Serrasalmus brandti,
0,0,Q1161853,Schwarzband-Sägesalmler,5976821
0,,,Hasemania melanura,
0,,,Hemibrycon dentatus,
0,,,Holoshesthes pequira,
0,,,Moojenichthys myersi,
0,,,Odontostilbe gracilis,
0,,,Roeboides caucae,
0,,,Leporinus elongatus,
0,,,Eigenmannina melanopogon,
0,,,Citharinus gibbosus,
0,0,Q725113,Citharinus latus,7418773
0,,,Lebiasina astrigata,
0,,,Alestes lateralis,
0,,,Brachypetersius altus,
0,,,Bryconaethiops boulengeri,
0,,,Duboisialestes bifasciatus,
0,,,Nannopetersius ansorgii,
0,,,Cynodon gibbus,
0,,,Gymnorhamphichthys hypostomus,
0,,,Porotergus compsus,
0,,,Sternarchogiton cuchillejo,
0,,,Ubidia magdalenensis,
0,,,Anduzedoras arleoi,
0,,,Apuredoras rivasi,
0,,,Deltadoras guayoensis,
0,,,Doras brevis,
0,,,Hildadoras bolivarensis,
0,,,Hoplodoras ramirezi,
0,,,Megalodoras irwini,
0,,,Nemadoras bachi,
0,,,Pseudodoras holdeni,
0,,,Sachsdoras apurensis,
0,,,Trachydoras atripes,
0,,,Zathorax gonzalezi,
0,,,Trachycorystes striatulus,
0,,,Tatia altae,
0,,,Parauchenipterus albicrux,
0,,,Tympanopleura alta,
0,,,Ageneiosus dentatus,
0,,,Ageneiosus madeirensis,
0,,,Ageneiosus melanopogon,
0,,,Ageneiosus parnaguensis,
0,,,Ageneiosus therezine,
0,,,Ageneiosus uruguayensis,
0,,,Ageneiosus valenciennesi,
0,,,Neosilurus argenteus,
0,,,Belodontichthys dinema,
0,0,Q6407829,Pterocryptis taytayensis,4763989
0,,,Pterocryptis afghana,
0,,,Phalacronotus micronemus,
0,,,Amarginops hildae,
0,,,Aorichthys aor,
0,,,Auchenoglanis biscutatus,
0,,,Parauchenoglanis akiri,
0,,,Parauchenoglanis guttatus,
0,,,Parauchenoglanis macrostoma,
0,,,Liauchenoglanis maculatus,
0,,,Leiocassis siamensis,
0,,,Mystus rhegma,
0,,,Mystus singaringan,
0,,,Chrysichthys mabusi,
0,,,Chrysichthys nigrodigitatus,
0,,,Rheoglanis dendrophorus,
0,,,Pseudobagrus aurantiacus,
0,,,Amblyceps mangois,
0,,,Akysis fuscus,
0,,,Coraglanis kishinouyei,
0,,,Euchiloglanis feae,
0,,,Nangra itchkeea,
0,,,Oreoglanis delacouri,
0,,,Pseudecheneis sulcatus,
0,,,Pseudolaguvia tuberculatus,
0,,,Eutropiellus debauwi,
0,,,Pseudeutropius atherinoides,
0,,,Dinotopterus atribranchus,
0,,,Gymnallabes alvarezi,
0,,,Brachyglanis frenata,
0,,,Brachyplatystoma vaillanti,
0,,,Goslinia platynema,
0,,,Myoglanis collettii,
0,,,Merodontotus tigrinus,
0,,,Sorubim latirostris,
0,,,Pimelodella laticeps,
0,,,Piramutana piramuta,
0,,,Platysilurus barbatus,
0,,,Paulicea jahu,
0,,,Megalonema argentina,
0,,,Pseudopimelodus albomarginatus,
0,,,Platystomatichthys mucosus,
0,,,Steindachneridion amblyurua,
0,,,Typhlobagrus kronei,
0,,,Branchioica bertonii,
0,,,Trichomycterus alternatum,
0,,,Eremophilus candidus,
0,,,Ituglanis amazonicum,
0,,,Plectrochilus erythrurus,
0,,,Megalechis personata,
0,,,Aphanotorulus frankei,
0,,,Cochliodon hondae,
0,,,Eurycheilus pantherinus,
0,,,Hemiancistrus braueri,
0,,,Hemipsilichthys cameroni,
0,,,Isorineloricaria festae,
0,,,Monistiancistrus carachama,
0,,,Pogonopomoides parahybae,
0,,,Pseudorinelepis agassizii,
0,,,Upsilodus victori,
0,,,Pangasius micronemus,
0,0,Q292920,Pangasius djambal,4059256
0,,,Synodontis zambesiensis,
0,,,Agmus lyriformis,
0,,,Agmus scabriceps,
0,,,Amaralia hypsiurus,
0,,,Aspredo cotylephorus,
0,,,Dysichthys aleuropsis,
0,,,Petacara dolichurus,
0,,,Cetopsis chalmersi,
0,,,Cetopsogiton occidentalis,
0,,,Hemicetopsis candiru,
0,,,Pseudocetopsis gobioides,
0,,,Potamorrhaphis eigenmanni,
0,,,Horaichthys setnai,
0,0,Q1508059,Indostomus paradoxus,6672338
0,,,Neoophorus catarinae,
0,,,Congopanchax brichardi,
0,,,Cynopanchax bukobanus,
0,,,Pantanodon podoxys,
0,,,Poecilia amazonica,
0,,,Austrofundulus dolichopterus,
0,,,Cynolebias bellottii,
0,,,Diapteron cyanostictum,
0,,,Epiplatys azureus,
0,,,Nothobranchius cyaneus,
0,,,Spectrolebias semiocellatus,
0,,,Chirostoma estor,
0,,,Chirostoma grandocule,
0,,,Afromastacembelus flavidus,
0,,,Caecomastacembelus aviceps,
0,,,Pillaia khajuriai,
0,,,Amniataba affinis,
0,,,Pingalla lorentzi,
0,,,Percichthys trucha,
0,,,Gymnocephalus acerinus,
0,,,Coius campbelli,
0,,,Bostrychus africanus,
0,,,Bunaka pinguis,
0,,,Dormitator lebretonis,
0,,,Eleotris senegalensis,
0,,,Eleotris picta,
0,,,Eleotris vittata,
0,,,Erotelis smaragdus,
0,,,Guavina guavina,
0,,,Hypseleotris agilis,
0,,,Kribia kribensis,
0,,,Odonteleotris macrodon,
0,,,Ophiocara macrolepidota,
0,,,Gobiomorus dormitor,
0,,,Mogurnda aiwasoensis,
0,,,Ctenogobius fasciatus,
0,,,Ctenogobius lepturus,
0,,,Acanthogobius ommaturus,
0,,,Gobioides africanus,
0,0,Q145419,Gobioides sagitta,6592788
0,,,Pseudapocryptes borneensis,
0,,,Gobionellus atripinnis,
0,,,Gobionellus occidentalis,
0,,,Chaenogobius castaneus,
0,,,Stigmatogobius borneensis,
0,,,Callogobius bifasciatus,
0,,,Callogobius plumatus,
0,,,Brachyamblyopus anotus,
0,,,Brachygobius aggregatus,
0,,,Calamiana aliceae,
0,,,Caragobioides geomys,
0,,,Chiramenu fluviatilis,
0,,,Chonophorus macrorhynchus,
0,,,Gobiopterus brachypterus,
0,,,Hemigobius bleekeri,
0,,,Hypogymnogobius xanthozona,
0,,,Pseudogobiopsis campbellianus,
0,,,Pseudogobius avicennia,
0,,,Silhouettea dotui,
0,,,Stenogobius beauforti,
0,,,Stiphodon allen,
0,,,Tamanka cagayanensis,
0,,,Tasmanogobius lordi,
0,,,Trypauchenichthys sumatrensis,
0,,,Ctenopoma kingsleyae,
0,,,Ctenopoma petherici,
0,,,Colisa fasciatus,
0,,,Parosphromenus allani,
0,,,Sphaerichthys acrostoma,
0,,,Salangichthys ishikawae,
0,0,Q5832941,Edelmaräne,8856305
0,,,Alosa saposhnikovi,
0,,,Tenualosa macrura,
0,,,Gilchristella aestuarius,
0,,,Ilisha furthii,
0,,,Lampetra lanceolata,
0,,,Lampetra pacifica,
0,,,Eudontomyzon graecus,
0,,,Lethenteron kessleri,
0,,,Lethenteron ninae,
0,,,Lethenteron alaskense,
0,,,Entosphenus folletti,
0,,,Entosphenus lethophagus,
0,,,Entosphenus similis,
0,,,Tetrapleurodon geminis,
0,,,Tetrapleurodon spadiceus,
0,,,Pleuronectes glacialis,
0,,,Pleuronectes quadrituberculat.,
0,,,Pleuronectes orbignyana,
0,,,Pleuronectes schrenki,
0,,,Pleuronectes vetulus,
0,,,Glyptocephalus kitaharai,
0,,,Pseudopleuronectes herzenst.,
0,,,Achlyopa nigra,
0,,,Bathysolea lactea,
0,,,Bathysolea polli,
0,,,Bathysolea profundicola,
0,,,Liachirus melanospilus,
0,,,Solea humilis,
0,,,Solea impar,
0,,,Solea nasuta,
0,,,Vanstraelenia chirophthalmus,
0,,,Heteromycteris japonica,
0,,,Aseraggodes macleayanus,
0,,,Cynoglossus semifasciatus,
0,,,Citharoides axillaris,
0,,,Citharoides macrolepis,
0,,,Psettodes belcheri,
0,,,Etropus intermedius,
0,,,Syacium micrurum,
0,,,Syacium guineensis,
0,,,Achiropsetta slavae,
0,,,Mancopsetta milfordi,
0,,,Muraenolepis microcephalus,
0,,,Austrophycis marginata,
0,,,Gadella imberbis,
0,,,Laemonema longipes,
0,,,Laemonema laureysi,
0,,,Laemonema yarrelli,
0,,,Microlepidium verecundum,
0,,,Momonatira globosus,
0,,,Physiculus dalwigki,
0,,,Physiculus japonica,
0,,,Physiculus fulvus,
0,,,Physiculus huloti,
0,,,Physiculus natalensis,
0,,,Lepidion lepidion,
0,,,Lepidion eques,
0,,,Lepidion guentheri,
0,,,Lepidion ensiferus,
0,,,Phycis blennoides,
0,,,Phycis chesteri,
0,,,Urophycis brasiliensis,
0,,,Urophycis earllii,
0,,,Urophycis floridana,
0,,,Urophycis cirrata,
0,,,Eleginus navaga,
0,,,Lyconus brachycolus,
0,,,Lyconus pinnatus,
0,,,Macruronus capensis,
0,,,Macrourus whitsoni,
0,,,Macrourus holotrachys,
0,,,Macrourus caml,
0,,,Hymenocephalus italicus,
0,,,Coryphaenoides guentheri,
0,,,Coryphaenoides macrolophus,
0,,,Coryphaenoides thelestomus,
0,,,Coryphaenoides acrolepis,
0,,,Coryphaenoides anguliceps,
0,,,Coryphaenoides ariommus,
0,,,Coryphaenoides carminifer,
0,,,Coryphaenoides cinereus,
0,,,Coryphaenoides delsolari,
0,,,Coryphaenoides longifilis,
0,,,Coryphaenoides mexicanus,
0,,,Coryphaenoides zaniophorus,
0,,,Coryphaenoides ferrieri,
0,,,Coryphaenoides lecointei,
0,,,Coelorinchus acanthiger,
0,,,Coelorinchus aconcagua,
0,,,Coelorinchus argentatus,
0,,,Coelorinchus braueri,
0,,,Coelorinchus canus,
0,,,Coelorinchus chilensis,
0,,,Coelorinchus caelorhincus,
0,,,Coelorinchus denticulatus,
0,,,Coelorinchus hexafasciatus,
0,,,Coelorinchus karrerae,
0,,,Coelorinchus labiatus,
0,,,Coelorinchus longicephalus,
0,,,Coelorinchus marinii,
0,,,Coelorinchus occa,
0,,,Coelorinchus parallelus,
0,,,Coelorinchus scaphopsis,
0,,,Coelorinchus ventrilux,
0,,,Coelorinchus geronimo,
0,,,Coelorinchus trunovi,
0,,,Asthenomacrurus fragilis,
0,,,Bathygadus macrops,
0,,,Bathygadus melanobranchus,
0,,,Bathygadus favosus,
0,,,Cetonurus crassiceps,
0,,,Trachonurus sulcatus,
0,,,Sphagemacrurus grenadae,
0,,,Nezumia bairdi,
0,,,Nezumia aequalis,
0,,,Nezumia convergens,
0,,,Nezumia duodecim,
0,,,Nezumia latirostrata,
0,,,Nezumia liolepis,
0,,,Nezumia micronychodon,
0,,,Nezumia orbitalis,
0,0,Q1636051,Nezumia sclerorhynchus,9784087
0,,,Nezumia stelgidolepis,
0,,,Gadomus arcuatus,
0,,,Kumba calvifrons,
0,,,Kuronezumia bubonis,
0,,,Kuronezumia leonis,
0,,,Mataeocephalus acipenserinus,
0,,,Mataeocephalus tenuicauda,
0,,,Mesobius antipodum,
0,,,Ventrifossa ctenomelas,
0,,,Ventrifossa macropogon,
0,,,Ventrifossa nigrodorsalis,
0,,,Ventrifossa petersoni,
0,,,Ventrifossa nasuta,
0,,,Melanonus zugmayeri,
0,,,Paramyxine atami,
0,,,Hime japonicus,
0,,,Aulopus cadenati,
0,,,Synodus myops,
0,,,Arius heudelotii,
0,,,Arius felis,
0,,,Arius phrygiatus,
0,,,Siderea thyrsoidea,
0,,,Myrichthys aki,
0,,,Acentronura australe,
0,,,Hippichthys cyanospilus,
0,,,Disparichthys fluviatilis,
0,,,Snyderidia bothrops,
0,,,Brotulina erythrea,
0,,,Calamopteryx goslinei,
0,,,Dermatopsoides kasougae,
0,,,Diancistrus longifilis,
0,,,Dinematichthys dasyrhynchus,
0,,,Dipulus caecus,
0,,,Grammonoides opisthodon,
0,,,Grammonus ater,
0,,,Grammonus diagrammus,
0,,,Gunterichthys longipenis,
0,,,Lucifuga dentatus,
0,,,Monothrix mizolepis,
0,,,Ogilbia cayorum,
0,,,Cestraeus oxyrhynchus,
0,,,Crenimugil heterocheilus,
0,,,Valamugil cunnesius,
0,,,Planiliza melinopterus,
0,,,Pterocaesio tessellata,
0,,,Pterocaesio capricornis,
0,,,Centropomus unionensis,
0,,,Centropomus armatus,
0,,,Centropomus ensiferus,
0,,,Centropomus medius,
0,,,Centropomus nigrescens,
0,,,Centropomus pectinatus,
0,,,Centropomus robalito,
0,,,Centropomus viridis,
0,,,Centropomus mexicanus,
0,,,Aulacocephalus temmincki,
0,,,Ellerkeldia jamesoni,
0,,,Epinephelus flavolimbatus,
0,,,Epinephelus mystacinus,
0,,,Epinephelus acanthistius,
0,,,Epinephelus haifensis,
0,,,Epinephelus caeruleopunctatus,
0,,,Epinephelus niphobles,
0,,,Serranus atricauda,
0,,,Mirolabrichthys flavoguttatus,
0,,,Dules auriga,
0,,,Planctanthias longifilis,
0,,,Pseudanthias fasciata,
0,,,Glaucosoma scapulare,
0,,,Astrapogon alutus,
0,,,Cheilodipterus alleni,
0,,,Cheilodipterus persicus,
0,,,Glossamia gjellerupi,
0,,,Gymnapogon africanus,
0,,,Mionorus bombonensis,
0,,,Phaeoptyx conklini,
0,,,Pseudamia zonata,
0,,,Pseudamia tarri,
0,,,Vincentia chrysura,
0,,,Anisochromis kenyae,
0,,,Chlidichthys bibulus,
0,,,Congrogadus amplimaculatus,
0,,,Halidesmus coccus,
0,,,Halimuraena hexagonata,
0,,,Haliophis aethiopus,
0,,,Natalichthys leptus,
0,,,Pseudochromis olivaceus,
0,,,Pseudochromis caudalis,
0,,,Pseudochromis dutoiti,
0,,,Pseudochromis linda,
0,,,Pseudochromis nigrovittatus,
0,,,Pseudochromis persicus,
0,,,Pseudoplesiops howensis,
0,,,Rusichthys plesiomorphus,
0,,,Lutjanus russelli,
0,,,Lutjanus timorensis,
0,,,Parascolopsis aspinosa,
0,,,Parascolopsis baranesi,
0,,,Parascolopsis townsendi,
0,,,Pentapodus paradiseus,
0,,,Nemipterus marginatus,
0,,,Nemipterus mesoprion,
0,,,Nemipterus nematophorus,
0,,,Nemipterus nemurus,
0,,,Nemipterus balinensis,
0,,,Nemipterus celebicus,
0,,,Nemipterus gracilis,
0,,,Scolopsis taeniata,
0,,,Scolopsis aurata,
0,,,Scolopsis frenata,
0,,,Leiognathus blochii,
0,,,Leiognathus bindus,
0,,,Leiognathus leuciscus,
0,,,Leiognathus oblongus,
0,,,Xenichthys agassizi,
0,,,Xenistius californiensis,
0,,,Anisotremus davidsonii,
0,,,Anisotremus dovii,
0,,,Anisotremus scapularis,
0,,,Haemulon bonariense,
0,,,Haemulon flaviguttatus,
0,,,Haemulon macrostoma,
0,,,Haemulon maculicauda,
0,,,Haemulon melanurum,
0,,,Haemulon parra,
0,,,Haemulon sexfasciatum,
0,,,Haemulon steindachneri,
0,,,Haemulon aurolineatum,
0,,,Haemulon boschmae,
0,,,Haemulopsis axillaris,
0,,,Haemulopsis leuciscus,
0,,,Orthopristis ruber,
0,,,Parapristipoma octolineatum,
0,,,Plectorhinchus macrolepis,
0,,,Plectorhinchus mediterraneus,
0,,,Plectorhinchus sordidus,
0,,,Plectorhinchus playfairi,
0,,,Plectorhinchus chubbi,
0,,,Pomadasys olivaceus,
0,,,Pomadasys opercularis,
0,,,Pomadasys bayanus,
0,,,Pomadasys branickii,
0,,,Pomadasys crocro,
0,,,Pomadasys incisus,
0,,,Pomadasys jubelini,
0,,,Pomadasys perotaei,
0,,,Pomadasys multimaculatum,
0,,,Pomadasys suillus,
0,,,Pomadasys panamensis,
0,,,Pomadasys rogerii,
0,,,Pomadasys argyreus,
0,,,Pomadasys furcatus,
0,,,Pomadasys taeniatus,
0,,,Conodon nobilis,
0,,,Conodon serrifer,
0,,,Microlepidotus inornatus,
0,,,Sciaena bathytatos,
0,,,Cynoscion othonopterum,
0,,,Cynoscion xanthulum,
0,,,Lepipterus francisci,
0,,,Lepipterus schomburgkii,
0,,,Pachypops adspersus,
0,,,Diplodus argenteus,
0,,,Acanthopagrus schlegeli,
0,,,Acanthopagrus arabicus,
0,,,Acanthopagrus sheim,
0,,,Spicara melanurus,
0,,,Spicara alta,
0,,,Spicara nigricauda,
0,,,Dichistius multifasciatus,
0,0,Q1807310,Monodactylus falciformis,9026290
0,,,Gerres setifer,
0,,,Gerres abbreviatus,
0,,,Gerres poieti,
0,,,Gerres cinereus,
0,,,Gerres methueni,
0,,,Diapterus peruvianus,
0,,,Diapterus rhombeus,
0,,,Eucinostomus dowii,
0,,,Eucinostomus currani,
0,,,Eucinostomus melanopterus,
0,,,Eugerres axillaris,
0,,,Labracoglossa argentiventris,
0,,,Vinculum sexfasciatum,
0,,,Parapriacanthus elongatus,
0,,,Pempheris adspersus,
0,,,Oplegnathus conwayi,
0,,,Oplegnathus robinsoni,
0,,,Hysterocarpus traski,
0,,,Ditrema viridis,
0,,,Neoditrema ransonneti,
0,,,Chrysiptera rapanui,
0,,,Chrysiptera sheila,
0,,,Dischistodus chrysopoecilus,
0,,,Neopomacentrus sindensis,
0,,,Pomachromis fuscidorsalis,
0,,,Pristotis jerdoni,
0,,,Chromis crusma,
0,,,Chromis intercrusma,
0,,,Chromis cadenati,
0,,,Chromis flavaxilla,
0,,,Chromis xanthopterygia,
0,,,Similiparma hermani,
0,,,Stegastes dorsopunicans,
0,,,Abudefduf taurus,
0,,,Pomacentrus agassizi,
0,,,Pomacentrus aquilus,
0,,,Pomacentrus leptus,
0,,,Pomacentrus trichrourus,
0,,,Pomacentrus trilineatus,
0,,,Pseudocoris aurantiofasciatus,
0,,,Pteragogus amboinensis,
0,,,Tautogolabrus brandaonis,
0,,,Siphonognathus argyrophanes,
0,,,Nicholsina usta,
0,,,Scarus iserti,
0,,,Scarus persicus,
0,,,Genicanthus spinus,
0,,,Amblycirrhitus earnshawi,
0,,,Chironemus georgianus,
0,,,Threpterius maculosus,
0,,,Aplodactylus punctatus,
0,,,Stalix histrio,
0,,,Opistognathus muscatensis,
0,,,Opistognathus nigromarginatus,
0,,,Lonchopisthus higmani,
0,,,Lipogramma flavescens,
0,,,Polydactylus approximans,
0,,,Polydactylus opercularis,
0,,,Polydactylus bifurcus,
0,,,Polydactylus longipes,
0,,,Polydactylus macrophthalmus,
0,,,Polydactylus malagasyensis,
0,,,Polydactylus mullani,
0,,,Polydactylus multiradiatus,
0,,,Polydactylus nigripinnis,
0,,,Polydactylus oligodon,
0,,,Polydactylus persicus,
0,,,Polydactylus siamensis,
0,,,Polydactylus virginicus,
0,,,Eleutheronema tridactylum,
0,,,Eleutheronema rhadinum,
0,,,Polynemus dubius,
0,,,Polynemus hornadayi,
0,,,Polynemus melanochir,
0,,,Polynemus kapuasensis,
0,,,Filimanus heptadactyla,
0,,,Filimanus hexanema,
0,,,Filimanus perplexa,
0,,,Filimanus similis,
0,,,Filimanus xanthonema,
0,,,Grammatonotus crosnieri,
0,,,Bovichtus elongatus,
0,,,Notothenia gibberifrons,
0,,,Notothenia squamifrons,
0,,,Notothenia kempi,
0,,,Notothenia acuta,
0,,,Notothenia angustifrons,
0,,,Notothenia marionensis,
0,,,Paranotothenia angustata,
0,,,Nototheniops larseni,
0,,,Nototheniops nudifrons,
0,,,Nototheniops mizops,
0,,,Pagothenia hansoni,
0,,,Denariusa bandata,
0,,,Ambassis commersoni,
0,,,Ambassis productus,
0,,,Bathymaster caeruleofasciatus,
0,,,Acantholumpenus mackayi,
0,,,Alectrias alectrolophus,
0,,,Alectridium aurantiacum,
0,,,Allolumpenus hypochromus,
0,,,Anisarchus macrops,
0,,,Anoplarchus purpurescens,
0,,,Askoldia variegata,
0,,,Bryozoichthys marjorius,
0,,,Chirolophis nugator,
0,,,Eulophias owashii,
0,,,Eumesogrammus praecisus,
0,,,Gymnoclinus cristulatus,
0,,,Lumpenella longirostris,
0,,,Lumpenopsis pavlenkoi,
0,,,Lumpenus fabricii,
0,,,Neolumpenus unocellatus,
0,,,Neozoarces steindachneri,
0,,,Opisthocentrus dybowskii,
0,,,Phytichthys chirus,
0,,,Plectobranchus evides,
0,,,Poroclinus rothrocki,
0,,,Stichaeopsis epallax,
0,,,Stichaeopsis nana,
0,,,Stichaeus grigorjewi,
0,,,Ulvaria subbifurcata,
0,,,Xiphister atropurpureus,
0,,,Zoarchias glaber,
0,,,Rhodymenichthys dolichogaster,
0,,,Ulvicola sanctaerosae,
0,,,Xererpes fucorum,
0,,,Enedrias nebulosus,
0,,,Austrolycus depressiceps,
0,,,Crossostomus fasciatus,
0,,,Dadyanos insignis,
0,,,Iluocoetes fimbriatus,
0,,,Gymnelus hemifasciatus,
0,,,Cryptacanthodes aleutensis,
0,,,Cryptacanthoides bergi,
0,,,Ammodytes gilli,
0,,,Ammodytoides renniei,
0,,,Gymnammodytes capensis,
0,,,Bembrops greyi,
0,,,Bembrops heterurus,
0,,,Osopsaron natalensis,
0,,,Kochichthys flavofasciata,
0,,,Pseudopercis numida,
0,,,Pseudopercis semifasciata,
0,,,Parapercis nebulosa,
0,,,Parapercis robinsoni,
0,,,Trichonotus filamentosus,
0,,,Trichonotus nikii,
0,,,Chalixodytes chameleontoculis,
0,,,Limnichthys donaldsoni,
0,,,Acentrogobius dayi,
0,,,Bathygobius casamancus,
0,,,Amoya signatus,
0,,,Scartelaos tenuis,
0,,,Microgobius brevispinis,
0,,,Evorthodus lyricus,
0,,,Cryptocentrus filifer,
0,,,Cryptocentrus cryptocentrus,
0,,,Cryptocentrus lutheri,
0,,,Lebetus guilleti,
0,,,Asterropteryx ensiferus,
0,,,Astrabe lactisella,
0,,,Aulopareia cyanomos,
0,,,Eviota pardalota,
0,,,Barbulifer antennatus,
0,,,Evermannichthys metzelaari,
0,,,Coryphopterus alloides,
0,,,Pterogobius elapoides,
0,,,Boleophthalmus birdsongi,
0,,,Bollmannia boqueronensis,
0,,,Buenia affinis,
0,,,Didogobius kochi,
0,,,Cabillus lacertops,
0,,,Caffrogobius agulhensis,
0,,,Chaeturichthys hexanema,
0,,,Chriolepis fisheri,
0,,,Clariger cosmurus,
0,,,Corcyrogobius liechtensteini,
0,,,Coryogalops adamsoni,
0,,,Coryogalops anomolus,
0,,,Coryogalops monospilus,
0,,,Coryogalops tessellatus,
0,,,Cryptocentroides arabicus,
0,,,Discordipinna griessingeri,
0,,,Elacatinus janssi,
0,,,Flabelligobius latruncularius,
0,,,Gladiogobius ensifer,
0,,,Gobiodon reticulatus,
0,,,Gobiopsis aporia,
0,,,Gobiopsis canalis,
0,,,Gobulus crescentalis,
0,,,Gymneleotris seminudus,
0,,,Gymnogobius raninus,
0,,,Hetereleotris apora,
0,,,Ilypnus gilberti,
0,,,Lesueurigobius koumansi,
0,,,Lobulogobius omanensis,
0,,,Lophogobius bleekeri,
0,,,Lythrypnus alphigena,
0,,,Mauligobius maderensis,
0,,,Mauligobius nigri,
0,,,Myersina lachneri,
0,,,Nematogobius ansorgii,
0,,,Nematogobius brachynemus,
0,,,Ophiogobius ophicephalus,
0,,,Opua atherinoides,
0,,,Palatogobius paradoxus,
0,,,Palutrus meteori,
0,,,Parapocryptes rictuosus,
0,,,Parkraemeria ornata,
0,,,Parrella fusca,
0,,,Periophthalmus waltoni,
0,,,Platygobiopsis akihito,
0,,,Priolepis randalli,
0,,,Psilogobius mainlandi,
0,,,Psilotris alepis,
0,,,Pycnomma semisquamatum,
0,,,Quietula y-cauda,
0,,,Sueviota lachneri,
0,,,Thorogobius angolensis,
0,,,Thorogobius rofeni,
0,,,Tomiyamichthys latruncularius,
0,,,Trimma avidori,
0,,,Trimma winterbottomi,
0,,,Trimmatom eviotops,
0,,,Valenciennea alleni,
0,,,Valenciennea persica,
0,,,Vanneaugobius canariensis,
0,,,Wheelerigobius maltzani,
0,,,Yongeichthys thomasi,
0,,,Kraemeria bryani,
0,,,Aioliops novaeguineae,
0,,,Cerdale floridana,
0,,,Gunnellichthys viridescens,
0,,,Microdesmus aethiopicus,
0,,,Oxymetopon compressus,
0,,,Paragunnellichthys seychellensis,
0,,,Parioglossus aporos,
0,,,Parioglossus raoi,
0,,,Ptereleotris arabica,
0,,,Siganus stellatus,
0,0,Q1309403,Pholidichthys anguis,7119422
0,,,Nannosalarias nativitatus,
0,,,Parahypsos paytensis,
0,,,Pictiblennius yatabei,
0,,,Salaria basiliscus,
0,,,Bathycallionymus formosanus,
0,,,Calliurichthys japonicus,
0,,,Diplogrammus pygmaeus,
0,,,Draculo celetus,
0,,,Draculo shango,
0,,,Foetorepus calauropomus,
0,,,Neosynchiropus ijimai,
0,,,Paradiplogrammus bairdi,
0,,,Protogrammus sousai,
0,,,Repomucenus calcaratus,
0,,,Synchiropus agassizi,
0,,,Coralliozetus angelica,
0,,,Protemblemaria bicirris,
0,,,Karumba ornatissimus,
0,,,Elates ransonnetii,
0,,,Onigocia grandisquama,
0,,,Platycephalus arenarius,
0,,,Thysanophrys arenicola,
0,,,Ratabulus diversidens,
0,,,Rogadius prionotus,
0,0,Q1524258,Alligatorfisch,1003196
0,,,Suggrundus brevirostris,
0,,,Archaulus biseriatus,
0,,,Artediellus atlanticus,
0,,,Asemichthys taylori,
0,,,Astrocottus leprops,
0,,,Taurocottus bergi,
0,,,Rhamphocottus richardsoni,
0,,,Podothecus thompsoni,
0,,,Glyptauchen insidiator,
0,,,Hypodytes rubripinnis,
0,,,Neocentropogon aeglefinis,
0,,,Paracentropogon longispinus,
0,,,Vespicula depressifrons,
0,,,Strophiurichthys robustus,
0,,,Chonerhinos amabilis,
0,,,Cyclichthys carpenteri,
0,,,Cyclichthys kopsii,
0,,,Cyclichthys lachneri,
0,,,Cyclichthys sealarki,
0,,,Bigener brownii,
0,,,Nelusetta ayraudi,
0,,,Oxymonacanthus halli,
0,,,Paramonacanthus barnardi,
0,,,Paramonacanthus oblongus,
0,,,Parika scaber,
0,,,Penicipelta vittiger,
0,,,Sufflamen albicaudatus,
0,,,Sufflamen chrysopterus,
0,,,Xenobalistes punctatus,
0,,,Discotrema crinophila,
0,,,Alabes parvulus,
0,,,Austrobatrachus dussumieri,
0,,,Chatrabus damaranus,
0,,,Thalassothia cirrhosa,
0,,,Antennarius analis,
0,0,Q1529358,Glasauge (Fisch),6745193
0,,,Bathylagus ochotensis,
0,,,Bellocia koefoedi,
0,,,Ericara niger,
0,,,Holtbyrnia macrops,
0,,,Pellisolus facilis,
0,,,Platytroctegen mirus,
0,,,Tragularius mesalirus,
0,,,Sigmops bathyphilus,
0,,,Diplophos maderensis,
0,,,Astronesthes cyclophotus,
0,,,Stomias boa,
0,,,Gigantura chuni,
0,,,Benthalbella elongata,
0,,,Benthalbella macropinna,
0,,,Benthalbella infans,
0,,,Rosenblattichthys alatus,
0,,,Coccorella atlantica,
0,,,Lestidiops affinis,
0,,,Lestidiops cadenati,
0,,,Lestidiops sphyrenoides,
0,,,Sudis hyalina,
0,,,Magnisudis prionosa,
0,,,Notolepis coatsi,
0,,,Notolepis rissoi,
0,,,Notolepis annulata,
0,,,Uncisudis longirostra,
0,0,Q1998328,Nordischer Lachsspierling,5917418
0,,,Paralepis brevirostris,
0,,,Bathysauropsis gigas,
0,,,Chlorophthalmus punctatus,
0,,,Ahliesaurus berryi,
0,,,Scopelosaurus hamiltoni,
0,,,Scopelosaurus argenteus,
0,,,Scopelosaurus lepidus,
0,,,Bathymicrops regis,
0,,,Parasudis fraserbrunneri,
0,,,Bathytyphlops sewelli,
0,,,Bathypterois quadrifilis,
0,,,Lampanyctus ater,
0,,,Lampanyctus cuprarius,
0,,,Lampanyctus lineatus,
0,,,Lampanyctus achirus,
0,,,Lampadena urophaos,
0,,,Conger orbignyanus,
0,,,Notopogon endeavouri,
0,0,Q1072804,Chile-Kingklip,5830050
0,,,Genypterus maculatus,
0,,,Genypterus tigerinus,
0,,,Parophidion schmidti,
0,,,Ophidion holbrooki,
0,,,Ophidion lozanoi,
0,,,Brotula clarki,
0,,,Hoplobrotula gnathopus,
0,,,Lepophidium aporrhox,
0,,,Lepophidium brevibarbe,
0,,,Lepophidium negropinna,
0,,,Barathrites iris,
0,,,Dicrolene intronigra,
0,,,Glyptophidium japonicum,
0,,,Lamprogrammus exutus,
0,,,Monomitopus agassizii,
0,,,Monomitopus metriostoma,
0,,,Neobythites analis,
0,,,Neobythites steatiticus,
0,,,Neobythites stefanovi,
0,,,Otophidium chickcharney,
0,,,Penopus microphthalmus,
0,,,Petrotyx hopkinsi,
0,,,Porogadus abyssalis,
0,,,Raneya fluminensis,
0,,,Spottobrotula amaculata,
0,,,Abythites lepidogenys,
0,,,Bellottia apoda,
0,,,Bythites islandicus,
0,,,Cataetyx alleni,
0,,,Cataetyx laticeps,
0,,,Cataetyx bruuni,
0,,,Diplacanthopoma japonicum,
0,,,Thalassobathia pelagica,
0,,,Aphyonus brevidorsalis,
0,,,Nybelinella erikssoni,
0,,,Sciadonus cryptophthalmus,
0,,,Sio nordenskjoeldii,
0,,,Acanthochaenus lutkeni,
0,,,Zenopsis nebulosus,
0,,,Cyttula macropus,
0,,,Neoscombrops cynodon,
0,,,Caulolatilus affinis,
0,,,Plagiogeneion macrolepis,
0,,,Lobotes pacificus,
0,,,Caristius groenlandicus,
0,,,Caristius macropus,
0,,,Pentaceros capensis,
0,,,Pentaceros decacanthus,
0,,,Pseudopentaceros pectoralis,
0,,,Pseudopentaceros wheeleri,
0,,,Acanthocepola abbreviata,
0,,,Owstonia grammodon,
0,,,Cheilodactylus bergi,
0,,,Cheilodactylus vittatus,
0,,,Cheilodactylus zebra,
0,,,Chirodactylus brachydactylus,
0,,,Chirodactylus grandis,
0,,,Chirodactylus jessicalenorum,
0,,,Symphysanodon berryi,
0,,,Pogonophryne dolichobranchiata,
0,,,Pogonophryne phyllopogon,
0,,,Artedidraco loennbergi,
0,,,Patagonotothen brevicauda,
0,,,Microichthys coccoi,
0,,,Epigonus constanciae,
0,,,Epigonus crassicaudus,
0,,,Bothrocarina microcephala,
0,,,Davidijordania abei,
0,,,Lycodes reticulatus,
0,,,Lycodes esmarkii,
0,,,Lycenchelys brevimaxillaris,
0,,,Lycenchelys verrillii,
0,,,Bothrocara alalongum,
0,,,Chiasmodon bolangeri,
0,,,Kali indica,
0,,,Pseudoscopelus altipinnis,
0,,,Ichthyscopus barbatus,
0,,,Kathetostoma albigutta,
0,,,Xenocephalus armatus,
0,,,Uranoscopus albesca,
0,,,Uranoscopus cadenati,
0,,,Uranoscopus polli,
0,,,Uranoscopus guttatus,
0,,,Ariomma indica,
0,,,Scorpaena grandicornis,
0,,,Scorpaena plumieri,
0,,,Parapterois heterurus,
0,,,Scorpaenopsis cirrhosa,
0,,,Trachyscorpia echinata,
0,,,Prionotus nudigula,
0,,,Satyrichthys investigatoris,
0,,,Careproctus jordani,
0,,,Paraliparis copei,
0,,,Paraliparis terraenovae,
0,,,Bembras japonicus,
0,,,Hollardia hollardi,
0,,,Paratriacanthodes herrei,
0,,,Halieutopsis micropa,
0,0,Q535212,Buckliger Anglerfisch,1538581
0,,,Phrynichthys wedli,
0,,,Sardinella jussieui,
0,0,Q2069084,Pazifische Sardine,7596140
0,,,Herklotsichthys quadrimaculat.,
0,,,Stolephorus commersonii,
0,,,Strongylura senegalensis,
0,,,Strongylura exilis,
0,,,Strongylura timucu,
0,,,Scomberesox simulans,
0,,,Dermogenys brachynotopterus,
0,,,Hyporhamphus gilli,
0,,,Hyporhamphus roberti,
0,,,Hyporhamphus snyderi,
0,,,Hyporhamphus picarti,
0,,,Hyporhamphus sajori,
0,,,Hyporhamphus rosae,
0,,,Hyporhamphus sindensis,
0,,,Hyporhamphus unicuspis,
0,,,Hemiramphus marginatus,
0,,,Hemirhamphodon chrysopunctatus,
0,,,Euleptorhamphus velox,
0,,,Nomorhamphus ravnaki,
0,,,Cypselurus agoo,
0,,,Cypselurus simus,
0,,,Prognichthys gibbifrons,
0,,,Hirundichthys affinis,
0,,,Cheilopogon furcatus,
0,,,Cheilopogon heterurus,
0,,,Cheilopogon milleri,
0,,,Gymnetrus russelii,
0,,,Gulaphallus bikolanus,
0,,,Neostethus amaricola,
0,,,Phenacostethus posthon,
0,,,Atherinella argentea,
0,,,Odontesthes smitti,
0,,,Atherinomorus balabacensis,
0,,,Atherion africanus,
0,,,Eurystole eriarcha,
0,,,Coleotropis blackburni,
0,,,Leuresthes sardina,
0,,,Colpichthys hubbsi,
0,,,Craterocephalus capreoli,
0,,,Melaniris pachylepis,
0,,,Melanorhinus cyanellus,
0,,,Atherinosoma wallacei,
0,,,Membras analis,
0,,,Hypoatherina barnesi,
0,,,Hypoatherina temminckii,
0,,,Quirichthys stramineus,
0,,,Selene dorsalis,
0,,,Selene browni,
0,,,Selene orstedii,
0,,,Trachinotus botla,
0,,,Trachinotus cayennensis,
0,,,Trachinotus coppingeri,
0,,,Trachinotus goreensis,
0,,,Trachinotus kennedyi,
0,,,Trachinotus marginatus,
0,,,Trachinotus maxillosus,
0,,,Trachinotus mookalee,
0,,,Trachinotus paitensis,
0,,,Trachinotus stilbe,
0,,,Trachinotus teraia,
0,,,Oligoplites altus,
0,,,Oligoplites palometa,
0,,,Oligoplites saliens,
0,,,Hemicaranx leucurus,
0,,,Hemicaranx zelotes,
0,,,Collybus drachme,
0,,,Pterycombus brama,
0,,,Eumegistus brevorti,
0,,,Taractes asper,
0,,,Peprilus snyderi,
0,,,Cubiceps capensis,
0,,,Bythaelurus bachi,
0,,,Apristurus verweyi,
0,,,Poroderma marleyi,
0,,,Aptychotrema bougainvillii,
0,,,Rhinobatos batillum,
0,,,Rhinobatos brevirostris,
0,,,Rhinobatos percellens,
0,,,Rhinobatos halavi,
0,,,Rhinobatos holcorhynchus,
0,,,Rhinobatos irvinei,
0,,,Rhinobatos leucorhynchus,
0,,,Rhinobatos leucospilus,
0,,,Rhinobatos lionotus,
0,,,Rhinobatos glaucostigma,
0,,,Rhinobatos ocellatus,
0,,,Rhinobatos punctifer,
0,,,Trygonorrhina guaneria,
0,,,Raja circularis,
0,,,Raja fullonica,
0,,,Raja wallacei,
0,0,Q2473297,Kuckucksrochen,4950639
0,,,Raja oxyrinchus,
0,,,Raja springeri,
0,,,Raja stenorhynchus,
0,,,Raja taaf,
0,,,Raja tengu,
0,,,Raja velezi,
0,,,Raja alba,
0,,,Raja robertsi,
0,,,Raja rondeleti,
0,,,Raja rouxi,
0,,,Raja schmidti,
0,,,Raja fyllae,
0,,,Raja georgiana,
0,,,Raja ackleyi,
0,,,Raja acutispina,
0,,,Raja annandalei,
0,,,Raja asterias,
0,,,Raja australis,
0,,,Raja bathyphila,
0,,,Raja bigelowi,
0,,,Raja bullisi,
0,,,Raja campbelli,
0,,,Raja castelnaui,
0,,,Raja caudaspinosa,
0,,,Raja cerva,
0,,,Raja cervigoni,
0,,,Raja clarkii,
0,,,Raja compagnoi,
0,,,Raja cortezensis,
0,,,Raja cyclophora,
0,,,Raja dageti,
0,,,Raja dissimilis,
0,,,Raja doutrei,
0,,,Raja equatorialis,
0,,,Raja fuliginea,
0,,,Raja garmani,
0,,,Raja gigas,
0,,,Raja gudgeri,
0,,,Raja heemstrai,
0,,,Raja herwigi,
0,,,Raja hollandi,
0,,,Raja hyperborea,
0,,,Raja innominata,
0,,,Raja inornata,
0,,,Raja johannisdavisi,
0,,,Raja kenojei,
0,,,Raja lanceorostrata,
0,,,Raja lemprieri,
0,,,Raja lentiginosa,
0,,,Raja leopardus,
0,,,Raja leucosticta,
0,,,Raja lintea,
0,,,Raja macrocauda,
0,,,Raja maderensis,
0,,,Raja meerdervoortii,
0,,,Raja melitensis,
0,,,Raja nasuta,
0,,,Raja nidarosiensis,
0,,,Raja ocellata,
0,,,Raja olseni,
0,,,Raja polystigma,
0,,,Raja powelli,
0,,,Raja purpuriventralis,
0,,,Raja radula,
0,,,Raja ravidula,
0,,,Bathyraja eatonii,
0,,,Bathyraja murrayi,
0,,,Bathyraja caeluronigricans,
0,,,Bathyraja diplotaenia,
0,,,Bathyraja andriashevi,
0,,,Bathyraja hesperafricana,
0,,,Bathyraja interrupta,
0,,,Bathyraja lindbergi,
0,,,Bathyraja meridionalis,
0,,,Bathyraja minispinosa,
0,,,Bathyraja notoroensis,
0,,,Bathyraja pallida,
0,,,Bathyraja parmifera,
0,,,Bathyraja rosispinis,
0,,,Bathyraja simoterus,
0,,,Bathyraja smirnovi,
0,,,Bathyraja smithii,
0,,,Bathyraja trachura,
0,,,Bathyraja tzinovskii,
0,,,Bathyraja violacea,
0,,,Bathyraja macloviana,
0,,,Bathyraja scaphiops,
0,,,Gurgesiella sibogae,
0,,,Malacoraja spinacidermis,
0,,,Malacoraja kreffti,
0,,,Neoraja africana,
0,,,Notoraja ochroderma,
0,,,Notoraja subtilispinosa,
0,,,Pavoraja laxipella,
0,,,Rhinoraja kujiensis,
0,,,Rhinoraja longicauda,
0,,,Rhinoraja odai,
0,,,Zearaja nasuta,
0,,,Zearaja chilensis,
0,,,Rioraja agassizi,
0,,,Breviraja atripinna,
0,,,Breviraja colesi,
0,,,Breviraja cubensis,
0,,,Dasyatis marmorata,
0,,,Urogymnus natalensis,
0,,,Potamotrygon constellata,
0,,,Potamotrygon yepezi,
0,,,Pteromylaeus asperrimus,
0,,,Rhinoptera jayakari,
0,,,Rhinoptera neglecta,
0,,,Aetomylaeus niehofii,
0,,,Mobula coilloti,
0,,,Mobula robertsi,
0,,,Gymnura crebripunctata,
0,,,Gymnura tentaculata,
0,,,Hexatrygon longirostra,
0,,,Trygonoptera javanica,
0,,,Trygonoptera kaiana,
0,,,Urolophus concentricus,
0,,,Urolophus testaceus,
0,,,Urotrygon munda,
0,,,Urotrygon nana,
0,,,Urotrygon reticulata,
0,,,Urotrygon rogersi,
0,,,Urotrygon simulatrix,
0,0,Q2444401,Torpedo bauchotae,4351020
0,0,Q149623,Tetronarce tremens,4366105
0,,,Heteronarce garmani,
0,,,Heteronarce mollis,
0,,,Narcine prodorsalis,
0,,,Narcine rierai,
0,,,Narcine vermiculatus,
0,,,Narcine westraliensis,
0,,,Chimaera buccanigella,
0,,,Chimaera didierae,
0,,,Chimaera willwatchi,
0,,,Hydrolagus eidolon,
0,,,Daphnia similis,
0,,,Daphnia cephalata,
0,,,Daphnia pusilla,
0,,,Daphnia quadrangulus,
0,,,Daphnia australis,
0,,,Daphnia chilensis,
0,,,Daphnia ephemeralis,
0,,,Daphnia similoides,
0,,,Daphnia mediterranea,
0,,,Daphnia hispanica,
0,,,Daphnia queenslandensis,
0,,,Daphnia curvirostris,
0,,,Daphnia brooksi,
0,,,Daphnia gessneri,
0,,,Daphnia retrocurva,
0,,,Daphnia deserti,
0,,,Daphnia parvula,
0,,,Daphnia catawba,
0,,,Daphnia dubia,
0,,,Atya innocous,
0,,,Atya pilipes,
0,,,Atya spinipes,
0,,,Caridina laevis,
0,,,Caridina propinqua,
0,,,Caridina denticulata,
0,,,Caridina africana,
0,,,Caridina edulis,
0,,,Caridina tonkinensis,
0,,,Caridina weberi,
0,,,Paratya compressa,
0,,,Exopalaemon annandalei,
0,,,Exopalaemon carinicauda,
0,,,Exopalaemon mani,
0,,,Exopalaemon modestus,
0,,,Exopalaemon orientalis,
0,,,Exopalaemon styliferus,
0,,,Exopalaemon vietnamicus,
0,,,Leptocarpus fluminicola,
0,,,Leptocarpus potamiscus,
0,,,Palaemonetes sinensis,
0,,,Palaemonetes tonkinensis,
0,,,Palaemonetes antennarius,
0,,,Palaemonetes zariquieyi,
0,,,Leandrites indicus,
0,,,Macrobrachium mirabile,
0,,,Macrobrachium amazonicum,
0,,,Macrobrachium acanthurus,
0,,,Macrobrachium aemulum,
0,,,Macrobrachium americanum,
0,,,Macrobrachium birmanicum,
0,,,Macrobrachium caledonicum,
0,,,Macrobrachium choprai,
0,,,Macrobrachium dayanum,
0,,,Macrobrachium dux,
0,,,Macrobrachium equidens,
0,,,Macrobrachium esculentum,
0,,,Macrobrachium geron,
0,,,Macrobrachium grandimanus,
0,,,Macrobrachium heterochirus,
0,,,Macrobrachium idae,
0,,,Macrobrachium idella,
0,,,Macrobrachium intermedium,
0,,,Macrobrachium jaroense,
0,,,Macrobrachium javanicum,
0,,,Macrobrachium jelskii,
0,,,Macrobrachium lanceifrons,
0,,,Macrobrachium latidactylus,
0,,,Macrobrachium latimanus,
0,,,Macrobrachium lepidactyloides,
0,,,Macrobrachium lepidactylus,
0,,,Macrobrachium macrobrachion,
0,,,Macrobrachium mammilodactylus,
0,,,Macrobrachium olfersii,
0,,,Macrobrachium patsa,
0,,,Macrobrachium pilimanus,
0,,,Macrobrachium raridens,
0,,,Macrobrachium rude,
0,,,Macrobrachium scabriculum,
0,,,Macrobrachium sintangense,
0,,,Macrobrachium tenellum,
0,,,Macrobrachium trompii,
0,,,Macrobrachium villosimanus,
0,,,Macrobrachium vollenhovenii,
0,,,Macrobrachium occidentale,
0,,,Macrobrachium rathbunae,
0,,,Macrobrachium surinamicum,
0,,,Procambarus bivitattus,
0,,,Procambarus hayi,
0,,,Procambarus hirsutus,
0,,,Procambarus troglogytes,
0,,,Orconectes nais,
0,,,Distocambarus carlsoni,
0,,,Fallicambarus byersi,
0,,,Faxonella clypeata,
0,,,Astacopsis franklinii,
0,,,Parastacus nicoleti,
0,,,Parastacus brasiliensis,
0,,,Cherax cainii,
0,,,Sesarma angolense,
0,,,Calappa pelii,
0,,,Calappa rubroguttata,
0,,,Calappa angusta,
0,,,Calappa flammea,
0,,,Calappa nitida,
0,,,Calappa ocellata,
0,,,Calappa sulcata,
0,,,Calappa convexa,
0,,,Calappa saussurei,
0,,,Hepatus gronovii,
0,,,Hepatus kossmanni,
0,,,Hepatus lineatus,
0,,,Matuta lunaris,
0,,,Platymera gaudichaudii,
0,,,Paromola japonica,
0,,,Ocypode rotundata,
0,,,Ocypode madagascariensis,
0,,,Macrophtalmus depressus,
0,,,Cardisoma rotundum,
0,,,Gecarcinus malpilensis,
0,,,Dromia erythropus,
0,,,Lauridromia indica,
0,,,Ethusa ciliatifrons,
0,,,Cancer edwardsii,
0,,,Cancer porteri,
0,,,Panopeus africanus,
0,,,Eriphia smithii,
0,,,Atergatopsis signatus,
0,,,Myomenippe hardwickii,
0,,,Myomenippe fornasinii,
0,,,Epixanthus dentatus,
0,,,Homalaspis plana,
0,,,Menippe frontalis,
0,,,Cronius ruber,
0,,,Arenaeus mexicanus,
0,,,Charybdis feriatus,
0,,,Charybdis affinis,
0,,,Charybdis anisodon,
0,,,Charybdis annulata,
0,,,Charybdis truncata,
0,,,Charybdis bimaculata,
0,,,Charybdis hawaiensis,
0,,,Portunus gibbesii,
0,,,Portunus hastatus,
0,,,Portunus spinimanus,
0,,,Portunus asper,
0,,,Portunus xantusii,
0,,,Portunus validus,
0,,,Portunus segnis,
0,,,Euphylax dovii,
0,,,Euphylax robustus,
0,,,Macropipus tuberculatus,
0,,,Callinectes amnicola,
0,,,Callinectes pallidus,
0,,,Callinectes toxotes,
0,,,Callinectes maracaiboensis,
0,,,Scylla olivacea,
0,,,Goniopsis pelii,
0,,,Goniopsis pulchra,
0,,,Pachygrapsus transversus,
0,,,Sesarma sulcatum,
0,,,Metagrapsus messor,
0,,,Varuna yui,
0,,,Episesarma chengtongense,
0,,,Episesarma mederi,
0,,,Episesarma palawanense,
0,,,Episesarma singaporense,
0,,,Plagusia tuberculata,
0,,,Carcinoplax longimanus,
0,,,Mithrax armatus,
0,,,Stenocionops ovata,
0,0,Q3843584,Kleine Seespinne,9621729
0,,,Maja goltziana,
0,,,Maiopsis panamensis,
0,,,Schizophrys dama,
0,,,Chionoecetes japonicus,
0,,,Jacquinotia edwardsii,
0,,,Chaceon eldorado,
0,,,Chaceon maritae,
0,,,Chaceon macphersoni,
0,,,Chaceon granulatus,
0,,,Chaceon australis,
0,,,Chaceon karubar,
0,,,Chaceon poupini,
0,,,Chaceon affinis,
0,,,Chaceon notialis,
0,,,Geryon longipes,
0,,,Plagusia depressa,
0,,,Platymaia turbynei,
0,0,Q1796420,Königslanguste,934929
0,,,Panulirus laevicauda,
0,,,Panulirus stimpsoni,
0,,,Panulirus albiflagellum,
0,,,Justitia japonica,
0,,,Justitia longimanus,
0,,,Justitia chani,
0,,,Justitia vericeli,
0,,,Palinustus mossambicus,
0,,,Palinustus truncatus,
0,,,Palinustus unicornutus,
0,,,Palinustus waguensis,
0,,,Projasus bahamondei,
0,,,Projasus parkeri,
0,,,Palinurus delagoae,
0,,,Palinurus gilchristi,
0,,,Linuparus somniosus,
0,,,Linuparus sordidus,
0,,,Puerulus sewelli,
0,,,Puerulus angulatus,
0,,,Puerulus carinatus,
0,,,Puerulus velutinus,
0,,,Ibacus brucei,
0,,,Ibacus pubescens,
0,,,Parribacus holthuisi,
0,,,Parribacus perlatus,
0,,,Parribacus scarlatinus,
0,,,Thenus indicus,
0,,,Scyllarus batei,
0,,,Scyllarus bertholdii,
0,,,Scyllarus brevicornis,
0,,,Scyllarus martensii,
0,,,Scyllarus rugosus,
0,,,Scyllarides astori,
0,,,Scyllarides brasiliensis,
0,,,Scyllarides deceptor,
0,,,Scyllarides delfosi,
0,,,Scyllarides elisabethae,
0,,,Scyllarides nodifer,
0,,,Scyllarides roggeveeni,
0,,,Scyllarides tridacnophaga,
0,,,Arctides antipodarum,
0,,,Evibacus princeps,
0,,,Nephropsis stewarti,
0,,,Nephropsis acanthura,
0,,,Nephropsis aculeata,
0,,,Nephropsis agassizii,
0,,,Nephropsis carpenteri,
0,,,Nephropsis ensirostris,
0,,,Nephropsis malhaensis,
0,,,Nephropsis neglecta,
0,,,Nephropsis occidentalis,
0,,,Nephropsis suhmi,
0,,,Nephropsis sulcata,
0,,,Metanephrops andamanicus,
0,,,Metanephrops arafurensis,
0,,,Metanephrops armatus,
0,,,Metanephrops formosanus,
0,,,Metanephrops neptunus,
0,,,Metanephrops rubellus,
0,,,Metanephrops sagamiensis,
0,,,Metanephrops sibogae,
0,,,Metanephrops sinensis,
0,,,Metanephrops velutinus,
0,,,Stereomastis suhmi,
0,,,Upogebia major,
0,,,Upogebia pusilla,
0,,,Upogebia wuhsienweni,
0,,,Callianassa australiensis,
0,,,Callianassa biffari,
0,,,Callianassa gigas,
0,,,Callianassa japonica,
0,,,Callianassa kraussi,
0,,,Callianassa petalura,
0,,,Acanthaxius caespitosa,
0,,,Axiopsis baronai,
0,,,Calocarides quinqueseriatus,
0,,,Neaxius vivesi,
0,,,Enoplometopus daumi,
0,,,Enoplometopus debelius,
0,,,Enoplometopus holthuisi,
0,,,Albunea lucasia,
0,,,Lepidopa deamae,
0,,,Petrochirus californiensis,
0,,,Clibanarius panamensis,
0,,,Emerita austroafricana,
0,,,Hippa pacifica,
0,,,Hippa strigillata,
0,,,Hippa ovalis,
0,,,Munida hispida,
0,,,Munida obesa,
0,,,Munida propinqua,
0,,,Munida refulgens,
0,,,Munida tenella,
0,,,Munida sarsi,
0,,,Galathea nexa,
0,,,Lithodes murrayi,
0,,,Lithodes aequispina,
0,,,Lithodes confundens,
0,,,Paralomis granulosa,
0,,,Paralomis aculeata,
0,,,Paralomis spinosissima,
0,,,Paralomis formosa,
0,,,Paralomis anamerae,
0,,,Paralomis verrilli,
0,,,Paralomis longipes,
0,,,Diacanthurus rubricatus,
0,,,Sympagurus dimorphus,
0,,,Penaeus aztecus,
0,,,Penaeus californiensis,
0,,,Penaeus duorarum,
0,,,Penaeus schmitti,
0,,,Penaeus plebejus,
0,,,Penaeus marginatus,
0,,,Penaeus brasiliensis,
0,,,Penaeus brevirostris,
0,,,Penaeus latisulcatus,
0,,,Penaeus occidentalis,
0,,,Penaeus penicillatus,
0,,,Penaeus paulensis,
0,,,Penaeus canaliculatus,
0,,,Penaeus longistylus,
0,,,Penaeus silasi,
0,,,Macropetasma africana,
0,,,Protrachypene precipua,
0,,,Metapenaeus affinis,
0,,,Metapenaeus brevicornis,
0,,,Metapenaeus macleayi,
0,,,Metapenaeus endeavouri,
0,,,Metapenaeus joyneri,
0,,,Metapenaeus dobsoni,
0,,,Metapenaeus alcocki,
0,,,Metapenaeus bennettae,
0,,,Metapenaeus conjunctus,
0,,,Metapenaeus dalli,
0,,,Metapenaeus demani,
0,,,Metapenaeus eboracensis,
0,,,Metapenaeus elegans,
0,,,Metapenaeus insolitus,
0,,,Metapenaeus intermedius,
0,,,Metapenaeus kutchensis,
0,,,Metapenaeus lysianassa,
0,,,Metapenaeus moyebi,
0,,,Metapenaeus papuensis,
0,,,Metapenaeus tenuipes,
0,,,Metapenaeus anchistus,
0,,,Metapenaeus suluensis,
0,,,Parapenaeus australiensis,
0,,,Parapenaeus fissurus,
0,,,Parapenaeus investigatoris,
0,,,Parapenaeus lanceolatus,
0,,,Parapenaeus longipes,
0,,,Parapenaeus sextuberculatus,
0,,,Parapenaeus politus,
0,,,Parapenaeopsis stylifera,
0,,,Parapenaeopsis atlantica,
0,,,Parapenaeopsis acclivirostris,
0,,,Parapenaeopsis arafurica,
0,,,Parapenaeopsis cornuta,
0,,,Parapenaeopsis coromandelica,
0,,,Parapenaeopsis hardwickii,
0,,,Parapenaeopsis hungerfordi,
0,,,Parapenaeopsis maxillipedo,
0,,,Parapenaeopsis nana,
0,,,Parapenaeopsis probata,
0,,,Parapenaeopsis tenella,
0,,,Parapenaeopsis uncta,
0,,,Parapenaeopsis venusta,
0,,,Parapenaeopsis gracillima,
0,,,Parapenaeopsis balli,
0,,,Xiphopenaeus riveti,
0,,,Trachypenaeus anchoralis,
0,,,Trachypenaeus byrdi,
0,,,Trachypenaeus constrictus,
0,,,Trachypenaeus faoe,
0,,,Trachypenaeus fulvus,
0,,,Trachypenaeus fuscina,
0,,,Trachypenaeus gonospinifer,
0,,,Trachypenaeus granulosus,
0,,,Trachypenaeus pacificus,
0,,,Trachypenaeus sedili,
0,,,Trachypenaeus similis,
0,,,Trachypenaeus longipes,
0,,,Trachypenaeus villaluzi,
0,,,Trachypenaeus brevisuturae,
0,,,Penaeopsis rectacuta,
0,,,Penaeopsis serrata,
0,,,Penaeopsis balssi,
0,,,Penaeopsis eduardoi,
0,,,Metapenaeopsis acclivis,
0,,,Metapenaeopsis andamanensis,
0,,,Metapenaeopsis barbata,
0,,,Metapenaeopsis borradailei,
0,,,Metapenaeopsis crassissima,
0,,,Metapenaeopsis dalei,
0,,,Metapenaeopsis goodei,
0,,,Metapenaeopsis hilarula,
0,,,Metapenaeopsis lamellata,
0,,,Metapenaeopsis lata,
0,,,Metapenaeopsis mogiensis,
0,,,Metapenaeopsis novaeguineae,
0,,,Metapenaeopsis palmensis,
0,,,Metapenaeopsis philippii,
0,,,Metapenaeopsis rosea,
0,,,Metapenaeopsis stridulans,
0,,,Metapenaeopsis toloensis,
0,,,Metapenaeopsis wellsi,
0,,,Metapenaeopsis beebei,
0,,,Metapenaeopsis mineri,
0,,,Atypopenaeus formosus,
0,,,Atypopenaeus stenodactylus,
0,,,Aristaeomorpha woodmasoni,
0,,,Aristeus varidens,
0,,,Aristeus alcocki,
0,,,Aristeus semidentatus,
0,,,Aristeus virilis,
0,,,Aristeus antillensis,
0,,,Chlorotocus crassicornis,
0,,,Pandalus jordani,
0,,,Pandalus danae,
0,,,Pandalus goniurus,
0,,,Pandalus kessleri,
0,,,Pandalus nipponensis,
0,,,Pandalus amplus,
0,,,Heterocarpoides levicarina,
0,,,Heterocarpus reedi,
0,,,Heterocarpus dorsalis,
0,,,Heterocarpus gibbosus,
0,,,Heterocarpus laevigatus,
0,,,Heterocarpus sibogae,
0,,,Heterocarpus tricarinatus,
0,,,Heterocarpus vicarius,
0,,,Heterocarpus woodmasoni,
0,,,Heterocarpus hayashii,
0,,,Heterocarpus parvispina,
0,,,Heterocarpus affinis,
0,,,Heterocarpus hostilis,
0,,,Heterocarpus grimaldii,
0,,,Plesionika martia,
0,,,Plesionika edwardsii,
0,,,Plesionika acanthonotus,
0,,,Plesionika alcocki,
0,,,Plesionika antigai,
0,,,Plesionika ensis,
0,,,Plesionika gigliolii,
0,,,Plesionika heterocarpus,
0,,,Plesionika williamsi,
0,,,Plesionika beebei,
0,,,Plesionika carinirostris,
0,,,Plesionika mexicana,
0,,,Plesionika trispinus,
0,,,Pandalopsis dispar,
0,,,Pandalopsis japonica,
0,,,Pantomus affinis,
0,,,Dichelopandalus bonnieri,
0,,,Parapandalus narval,
0,,,Parapandalus spinipes,
0,,,Acetes erythraeus,
0,,,Acetes indicus,
0,,,Acetes japonicus,
0,,,Acetes serrulatus,
0,,,Acetes americanus,
0,,,Acetes australis,
0,,,Acetes chinensis,
0,,,Acetes intermedius,
0,,,Acetes sibogae,
0,,,Acetes vulgaris,
0,,,Sergestes lucens,
0,,,Microprosthema semilaeve,
0,,,Acanthephyra curtirostris,
0,,,Acanthephyra eximia,
0,,,Hymenodora frontalis,
0,,,Notostomus japonicus,
0,,,Systellaspis braueri,
0,,,Nematopalaemon hastatus,
0,,,Nematopalaemon schmitti,
0,,,Nematopalaemon tenuipes,
0,,,Palaemonetes schmitti,
0,,,Palaemon ortmanni,
0,,,Palaemon hiltoni,
0,,,Lipkebe holthuisi,
0,,,Benthesicymus tanneri,
0,,,Bentheogennema borealis,
0,,,Glyphocrangon alata,
0,,,Glyphocrangon spinulosa,
0,,,Glyphocrangon sicaria,
0,,,Glyphocrangon vicaria,
0,,,Glyphocrangon lowryi,
0,,,Glyphocrangon dentata,
0,,,Argis lar,
0,,,Crangon affinis,
0,,,Crangon alaskensis,
0,,,Crangon communis,
0,,,Crangon nigricauda,
0,,,Crangon nigromaculata,
0,,,Pontocaris lacazei,
0,,,Pontocaris pennata,
0,,,Pontophilus spinosus,
0,,,Sclerocrangon salebrosa,
0,,,Sclerocrangon atrox,
0,,,Paracrangon areolata,
0,,,Metacrangon procax,
0,,,Notocrangon antarcticus,
0,,,Sicyonia carinata,
0,,,Sicyonia cristata,
0,,,Sicyonia dorsalis,
0,,,Sicyonia galeata,
0,,,Sicyonia lancifera,
0,,,Sicyonia stimpsoni,
0,,,Sicyonia typica,
0,,,Sicyonia burkenroadi,
0,,,Sicyonia affinis,
0,,,Sicyonia aliaffinis,
0,,,Sicyonia disdorsalis,
0,,,Sicyonia disedwardsi,
0,,,Sicyonia martini,
0,,,Sicyonia mixta,
0,,,Sicyonia penicillata,
0,,,Sicyonia picta,
0,,,Sicyonia disparri,
0,,,Sicyonia laevigata,
0,,,Hadropenaeus lucasii,
0,,,Mesopaeneus tropicalis,
0,,,Cryptopenaeus catherinae,
0,,,Pleoticus muelleri,
0,,,Pleoticus robustus,
0,,,Hymenopenaeus aequalis,
0,,,Solenocera agassizii,
0,,,Solenocera africana,
0,,,Solenocera choprai,
0,,,Solenocera crassicornis,
0,,,Solenocera florea,
0,,,Solenocera geijskesi,
0,,,Solenocera hextii,
0,,,Solenocera koelbeli,
0,,,Solenocera membranacea,
0,,,Solenocera pectinata,
0,,,Solenocera mutator,
0,,,Solenocera melantho,
0,,,Solenocera alfonso,
0,,,Solenocera alticarinata,
0,,,Solenocera australiana,
0,,,Solenocera halli,
0,,,Solenocera pectinulata,
0,,,Solenocera acuminata,
0,,,Solenocera algoensis,
0,,,Haliporoides triarthrus,
0,,,Haliporoides sibogae,
0,,,Haliporoides diomedeae,
0,,,Nematocarcinus agassizii,
0,,,Nematocarcinus africanus,
0,,,Lipkius holthuisi,
0,,,Glyphus marsupialis,
0,,,Leptochela gracilis,
0,,,Pasiphaea japonica,
0,,,Pasiphaea sivado,
0,,,Pasiphaea tarda,
0,,,Rhynchocinetes typus,
0,,,Campylonotus rathbunae,
0,,,Alpheus brevicristatus,
0,,,Alpheus euphrosyne,
0,,,Alpheus glaber,
0,,,Alpheus gracilipes,
0,,,Alpheus hoplocheles,
0,,,Alpheus japonicus,
0,,,Alpheus spongiarum,
0,,,Alpheus stephensoni,
0,,,Alpheus sublucanus,
0,,,Ogyrides orientalis,
0,,,Eualus leptognathus,
0,,,Eualus macilentus,
0,,,Eualus sinensis,
0,,,Eualus pusiolus,
0,,,Exhippolysmata ensirostris,
0,,,Exhippolysmata hastatoides,
0,,,Exhippolysmata oplophoroides,
0,,,Heptacarpus brevirostris,
0,,,Heptacarpus futilirostris,
0,,,Heptacarpus geniculatus,
0,,,Heptacarpus pandaloides,
0,,,Latreutes acicularis,
0,,,Latreutes anoplonyx,
0,,,Latreutes laminirostris,
0,,,Latreutes planirostris,
0,,,Spirontocaris lilljeborgii,
0,,,Spirontocaris spinus,
0,,,Saron neglectus,
0,,,Processa canaliculata,
0,,,Processa edulis,
0,,,Processa peruviana,
0,,,Nematoscelis gracilis,
0,,,Nematoscelis megalops,
0,,,Nyctiphanes simplex,
0,,,Nyctiphanes capensis,
0,,,Nyctiphanes australis,
0,,,Euphausia frigida,
0,,,Euphausia triacantha,
0,,,Euphausia nana,
0,,,Euphausia lucens,
0,,,Euphausia eximia,
0,,,Euphausia distinguenda,
0,,,Euphausia tenera,
0,,,Euphausia diomedeae,
0,,,Euphausia similis,
0,,,Euphausia lamelligera,
0,,,Euphausia americana,
0,,,Euphausia gibboides,
0,,,Euphausia hanseni,
0,,,Thysanoessa macrura,
0,,,Thysanoessa vicina,
0,,,Thysanoessa gregaria,
0,,,Thysanoessa longicaudata,
0,0,Q4570495,Artemia franciscana,8234564
0,,,Artemia persimilis,
0,,,Artemia urmiana,
0,,,Artemia sinica,
0,,,Centropages hamatus,
0,,,Pseudocalanus acuspes,
0,,,Pseudocalanus moultoni,
0,,,Paraeuchaeta barbata,
0,,,Acartia (Acartiura) longiremis,
0,,,Acartia (Acartiura) clausi,
0,,,Oithona similis,
0,,,Caligus elongatus,
0,,,Smilium zancleanum,
0,,,Lepas pectinata,
0,,,Aega monophthalma,
0,,,Serolis gracilis,
0,,,Antarcturus oryx,
0,,,Arcturides cornutus,
0,,,Euneognathia gigas,
0,,,Onisimus litoralis,
0,,,Onisimus glacialis,
0,,,Gammarus wilkitzkii,
0,,,Gammaracanthus lacustris,
0,,,Apherusa glacialis,
0,,,Squilla aculeata,
0,,,Squilla biformis,
0,,,Squilla mantoidea,
0,,,Squilla bigelowi,
0,,,Squilla panamensis,
0,,,Squilla parva,
0,,,Squilla cadenati,
0,,,Cloridopsis scorpio,
0,,,Cloridopsis dubia,
0,,,Erugosquilla woodmasoni,
0,,,Erugosquilla massavensis,
0,,,Miyakea nepa,
0,,,Oratosquillina gravieri,
0,,,Oratosquillina quinquedentata,
0,,,Oratosquillina perpensa,
0,,,Oratosquillina solicitans,
0,,,Raoulius cultrifer,
0,,,Lysiosquilla desaussurei,
0,,,Lysiosquilla panamica,
0,,,Lysiosquilla hoevenii,
0,0,Q1878973,Lysiosquilla scabricauda,3561669
0,,,Harpiosquilla harpax,
0,,,Harpiosquilla raphidea,
0,,,Hemisquilla ensigera,
0,,,Parasquilla similis,
0,,,Lampsis fasciola,
0,,,Pygadon grandis,
0,,,Batissa violacea,
0,,,Polymesoda aequilatera,
0,,,Polymesoda erosa,
0,,,Polymesoda expansa,
0,,,Polymesoda triangula,
0,,,Polymesoda inflata,
0,,,Polymesoda arctata,
0,,,Polymesoda bengalensis,
0,,,Corbicula manilensis,
0,,,Hexaplex radiax,
0,,,Phyllonotus brassica,
0,,,Phyllonotus erythrostoma,
0,,,Phyllonotus regius,
0,,,Phyllonotus duplex,
0,,,Thais calloensis,
0,0,Q7261511,Kröten-Purpurschnecke,10342233
0,0,Q7204968,Plicopurpura columellaris,10345218
0,,,Cymia lacera,
0,,,Haustellum recurvirostris,
0,,,Haustellum chrysostoma,
0,,,Haustellum donmoorei,
0,,,Haustellum messorius,
0,,,Hadriania craticuloides,
0,,,Haliotis assimilis,
0,,,Monodonta articulata,
0,,,Monodonta turbinata,
0,,,Monodonta mutabilis,
0,,,Gibbula adansoni,
0,,,Gibbula richardi,
0,,,Trochus conus,
0,,,Trochus niloticus,
0,,,Trochus hanleyanus,
0,,,Astrea turbanica,
0,,,Astrea undosa,
0,,,Astrea spirata,
0,,,Turbo cinereus,
0,,,Lithopoma tecta,
0,,,Strombus granulatus,
0,,,Strombus latissimus,
0,,,Solenosteira gatesi,
0,,,Pareuthria cerealis,
0,,,Austrofusus chathamensis,
0,,,Pugilina colosseus,
0,,,Pugilina ternatana,
0,,,Volema myristica,
0,,,Bufonaria nana,
0,,,Phalium centiquadratum,
0,,,Cassidaria echinophora,
0,,,Cassidaria tyrrhena,
0,,,Strombina fusinoidea,
0,,,Crepidula excavata,
0,,,Crucibulum scutellatum,
0,,,Fusinus closter,
0,,,Natica broderipiana,
0,,,Natica chemnitzii,
0,,,Natica euzona,
0,,,Natica stellata,
0,,,Natica gualteriana,
0,,,Natica lineata,
0,,,Natica collaris,
0,,,Naticarius stercus-muscarum,
0,,,Naticarius dillwyni,
0,,,Naticarius vittatus,
0,,,Neverita albumen,
0,,,Neverita peselephanti,
0,,,Lunatia guillemini,
0,0,Q1354580,Glänzende Mondschnecke,7186291
0,,,Polinices sebae,
0,,,Oliva annulata,
0,,,Patella mexicana,
0,,,Patella tenuis,
0,,,Helcion pellucidus,
0,,,Nacella edgari,
0,,,Rhinocoryne humboldti,
0,,,Siphonaria javanica,
0,,,Siphonaria laciniosa,
0,,,Siphonaria sirius,
0,,,Vasum caestus,
0,0,Q14513110,Pazifische Vasenschnecke,10330228
0,,,Vasum capitellum,
0,,,Pseudovergatus aluco,
0,,,Coralliophila alaucoides,
0,,,Argobuccinum olearium,
0,0,Q1315928,Knotentragende Tritonschnecke,7157399
0,,,Cymatium parthenopus,
0,,,Cymatium intermedium,
0,,,Hinia incrassata,
0,,,Hinia limata,
0,,,Nassarius corniculus,
0,,,Nassarius cuvieri,
0,,,Nerita chameleon,
0,,,Nerita picea,
0,,,Nerita squamulata,
0,,,Serpulorbis medusae,
0,,,Ceraesignum maximum,
0,,,Xenophora solaris,
0,,,Cyprea arabica,
0,,,Cyprea mappa,
0,,,Cyprea mauritiana,
0,,,Cyprea talpa,
0,,,Cyprea tigris,
0,,,Cyprea vitellus,
0,,,Cyprea annulus,
0,,,Cyprea argus,
0,,,Cyprea bouteti,
0,,,Cyprea caputserpentis,
0,,,Cyprea carneola,
0,,,Cyprea caurica,
0,,,Cyprea depressa,
0,,,Cyprea eglantina,
0,,,Cyprea erosa,
0,,,Cyprea isabella,
0,,,Cyprea leviathan,
0,,,Cyprea lynx,
0,,,Cyprea maculifera,
0,,,Cyprea moneta,
0,,,Cyprea obvelata,
0,,,Cyprea onyx,
0,,,Cyprea schilderorum,
0,,,Cyprea scurra,
0,,,Cyprea ventriculus,
0,,,Cyprea histrio,
0,,,Colubraria muricata,
0,,,Vexillum vulpeculum,
0,0,Q6786038,Fliegendreck-Schraubenschnecke,10647282
0,,,Pythia scarabeus,
0,,,Trochita pileus,
0,,,Crepipatella orbiculata,
0,,,Doris kerguelenensis,
0,,,Pusillina tumidula,
0,,,Alectryonella plicatula,
0,,,Ostrea atherstonei,
0,,,Ostrea puelchana,
0,,,Ostrea lutaria,
0,,,Ostrea denticulata,
0,,,Saccostrea kegaki,
0,,,Saccostrea malabonensis,
0,,,Saccostrea mordax,
0,,,Saccostrea palmula,
0,,,Saccostrea cuccullata,
0,,,Saccostrea echinata,
0,,,Myrakeena angelica,
0,,,Striostrea margaritacea,
0,,,Striostrea prismatica,
0,,,Crassostrea belcheri,
0,0,Q3806860,Crassostrea corteziensis,9121890
0,,,Crassostrea rivularis,
0,,,Crassostrea columbiensis,
0,,,Crassostrea sikamea,
0,,,Undulostrea megodon,
0,,,Ostreola stentina,
0,,,Hyotissa fisheri,
0,0,Q204259,Sattelmuschel,3302897
0,,,Anomia peruviana,
0,,,Isognomon recognitus,
0,,,Isognomon janus,
0,0,Q13810845,Malleus regula,9892378
0,0,Q10864396,Weiße Hammermuschel,9891429
0,0,Q13810830,Schwarze Hammermuschel,9891667
0,,,Spondylus ictericus,
0,,,Spondylus calcifer,
0,,,Spondylus barbatus,
0,,,Spondylus butleri,
0,,,Spondylus imperialis,
0,,,Spondylus versicolor,
0,,,Euciroa galatheae,
0,,,Mytilus aoteanus,
0,,,Mytilus desolationis,
0,,,Mytilus planulatus,
0,,,Mytella strigata,
0,,,Mytella speciosa,
0,,,Arcuatula arcuatula,
0,,,Lithophaga attenuata,
0,,,Lithophaga teres,
0,,,Choromytilus palliopunctatus,
0,,,Modiolus kurilensis,
0,,,Modiolus metcalfei,
0,,,Modiolus eiseni,
0,,,Modiolus rectus,
0,,,Modiolus nitens,
0,,,Modiolus rhomboideus,
0,,,Modiolus squamosus,
0,,,Modiolus aratus,
0,,,Perna indica,
0,,,Perna picta,
0,,,Brachidontes purpuratus,
0,,,Brachidontes rodriguezii,
0,,,Semimytilus algosus,
0,,,Aequipecten felipponei,
0,,,Aequipecten tehuelchus,
0,,,Pecten modestus,
0,,,Pecten sinensis,
0,,,Pecten berryi,
0,,,Pecten diegensis,
0,,,Pecten sericeus,
0,,,Pecten vogdesi,
0,,,Pecten fumatus,
0,,,Pecten ziczac,
0,,,Amusium papyraceum,
0,,,Equichlamys bifrons,
0,,,Flexopecten proteus,
0,,,Hinnites giganteus,
0,,,Lyropecten subnodosus,
0,,,Swiftopecten swiftii,
0,,,Manupecten pesfelis,
0,0,Q14182801,Gewellte Kammmuschel,9882188
0,,,Argopecten ventricosus,
0,,,Chlamys nobilis,
0,,,Chlamys asperrima,
0,,,Chlamys squamata,
0,,,Chlamys livida,
0,,,Decatopecten amiculum,
0,,,Decatopecten radula,
0,,,Bractechlamys vexillum,
0,,,Minnivola pyxidata,
0,,,Volachlamys singaporina,
0,,,Patinopecten caurinus,
0,,,Zygochlamys delicatula,
0,,,Zygochlamys patagonica,
0,,,Lima vulgaris,
0,0,Q13763170,Bauchige Feilenmuschel,9894065
0,,,Acesta rathbuni,
0,,,Acesta maui,
0,,,Ctenoides scabra,
0,0,Q5711136,Atrina maura,9458589
0,0,Q13404173,Atrina tuberculosa,9456957
0,,,Atrina chautardi,
0,0,Q14664575,Pinna rugosa,9456775
0,,,Glauconome virens,
0,,,Chama buddiana,
0,,,Chama savignyi,
0,,,Arca avellana,
0,,,Arca pacifica,
0,,,Barbatia foliata,
0,,,Barbatia lurida,
0,,,Noetia gambiensis,
0,,,Scapharca brasiliana,
0,,,Scapharca chemnitzii,
0,,,Scapharca globosa,
0,,,Scapharca inaequivalvis,
0,,,Scapharca indica,
0,,,Scapharca broughtonii,
0,,,Scapharca subcrenata,
0,,,Scapharca cornea,
0,,,Scapharca pilula,
0,,,Scapharca biangulata,
0,,,Trisidos semitorta,
0,,,Trisidos tortuosa,
0,0,Q13368019,Anadara corbuloides,11043857
0,,,Anadara ferruginea,
0,,,Anadara grandis,
0,,,Anadara mazatlanica,
0,,,Anadara multicostata,
0,,,Anadara nodifera,
0,,,Anadara reinharti,
0,,,Anadara tuberculosa,
0,,,Anadara similis,
0,,,Anadara senegalensis,
0,0,Q2157525,Gestreifte Venusmuschel,9406006
0,,,Ameghinomya antiqua,
0,,,Venerupis aurea,
0,,,Venerupis rhomboides,
0,,,Venerupis dura,
0,,,Amiantis purpurata,
0,,,Anomalocardia brasiliana,
0,,,Anomalocardia squamosa,
0,,,Chione kellettii,
0,,,Chione paphia,
0,,,Chione fluctifraga,
0,,,Chione gnidia,
0,,,Chione undatella,
0,,,Chione compta,
0,,,Chione subrugosa,
0,,,Circomphalus rosalina,
0,,,Circomphalus casinus,
0,,,Eumarcia paupercula,
0,,,Eurhomalea exalbida,
0,,,Eurhomalea rufa,
0,,,Gafrarium divaricatum,
0,,,Gafrarium tumidum,
0,0,Q10900762,Gafrarium pectinatum,9979734
0,,,Gomphina aequilatera,
0,,,Katelysia hiantina,
0,,,Katelysia japonica,
0,,,Katelysia marmorata,
0,,,Lioconcha ornata,
0,,,Marcia opima,
0,,,Marcia flammea,
0,,,Meretrix casta,
0,,,Megapitaria aurantiaca,
0,,,Periglypta multicostata,
0,,,Periglypta clathrata,
0,,,Periglypta reticulata,
0,,,Ruditapes variegatus,
0,,,Pitar callicomatus,
0,,,Pitar rostratus,
0,,,Pitar unicolor,
0,,,Pitar citrinus,
0,,,Pitar pellucidus,
0,,,Pitar rudis,
0,,,Pitar tumens,
0,,,Placamen tiara,
0,,,Tapes dorsatus,
0,,,Tapes literatus,
0,,,Tapes belcheri,
0,,,Tawera gayi,
0,,,Tivela lessonii,
0,,,Tivela mactroides,
0,,,Tivela ventricosa,
0,,,Tivela byronensis,
0,,,Tivela planulata,
0,,,Tivela tripla,
0,,,Tivela hians,
0,,,Ventricolaria isocardia,
0,,,Venus foliaceolamellosa,
0,,,Circe scripta,
0,,,Sunetta menstrualis,
0,,,Sunetta truncata,
0,,,Circentia callipyga,
0,,,Saxidomus giganteus,
0,,,Paphia gallus,
0,,,Paphia semirugata,
0,,,Paphia papilionacea,
0,,,Protothaca thaca,
0,,,Protothaca asperrima,
0,,,Protothaca columbiensis,
0,,,Protothaca grata,
0,,,Protothaca pectorina,
0,,,Protothaca tenerrima,
0,,,Mercenaria campechiensis,
0,,,Dosinia orbignyi,
0,,,Dosinia japonica,
0,,,Dosinia ponderosa,
0,0,Q1250981,Glatte Artemis,3445444
0,,,Transennella pannosa,
0,,,Polititapes durus,
0,,,Leukoma asperrima,
0,,,Mactromeris polynyma,
0,,,Pseudocardium sybillae,
0,,,Eastonia rugosa,
0,0,Q3799232,Lutraria angustior,9417007
0,0,Q6705923,Längliche Ottermuschel,9415565
0,,,Lutraria elongata,
0,,,Rangia mendica,
0,,,Meropesta capillacea,
0,,,Meropesta pellucida,
0,,,Mactrellona alata,
0,,,Mactra cuneata,
0,,,Mactra discors,
0,,,Mactra veneriformis,
0,,,Mactra iheringi,
0,0,Q13036410,Mactra glabrata,9965777
0,,,Mactra isabelleana,
0,0,Q13807395,Mactra lilacea,9965545
0,,,Mactra luzonica,
0,,,Mactra maculata,
0,,,Mactra mera,
0,,,Mactra murchisoni,
0,,,Mactra petitii,
0,,,Mactra achatina,
0,,,Mactra violacea,
0,,,Mactra largillierti,
0,,,Mactra nitida,
0,,,Mactra rostrata,
0,,,Mactra californica,
0,,,Mactra velata,
0,,,Harvella vitrea,
0,,,Spisula polynyma,
0,,,Mulinia edulis,
0,,,Darina rustica,
0,,,Mactrotoma antecedens,
0,,,Glycymeris gigantea,
0,,,Glycymeris maculata,
0,,,Glycymeris ovata,
0,,,Glycymeris pilosa,
0,,,Glycymeris violacescens,
0,,,Glycymeris scripta,
0,,,Glycymeris vovan,
0,,,Glycymeris longior,
0,,,Tucetona pectunculus,
0,,,Tucetona strigilata,
0,,,Galatea paradoxa,
0,,,Donax asper,
0,,,Donax californicus,
0,,,Donax cuneatus,
0,,,Donax denticulatus,
0,,,Donax dentifer,
0,,,Donax faba,
0,,,Donax gracilis,
0,,,Donax incarnatus,
0,,,Donax peruvianus,
0,,,Donax punctatostriatus,
0,,,Donax scortum,
0,,,Donax semistriatus,
0,0,Q3802068,Donax variegatus,9409249
0,,,Donax venustus,
0,,,Donax pulchellus,
0,,,Iphigenia brasiliana,
0,,,Iphigenia altior,
0,,,Iphigenia laevigata,
0,,,Iphigenia delesserti,
0,,,Iphigenia rostrata,
0,,,Pharella acutidens,
0,,,Pharella javanica,
0,,,Solen cylindraceus,
0,,,Solen capensis,
0,,,Solen kempi,
0,,,Solen malaccensis,
0,,,Solen roseomaculatus,
0,,,Solen rudis,
0,,,Solen rostriformis,
0,,,Solen grandis,
0,,,Solen lamarckii,
0,,,Solen guineensis,
0,,,Ensis goreensis,
0,,,Siliqua winteriana,
0,,,Cultellus tenuis,
0,,,Hemidonax donaciformis,
0,,,Fimbria fimbriata,
0,0,Q2292024,Acanthocardia paucicostata,9381390
0,,,Cardium ringens,
0,,,Clinocardium buelowi,
0,,,Fulvia mutica,
0,,,Fulvia papyracea,
0,,,Hypanis plicatus,
0,,,Laevicardium oblongum,
0,,,Monodacna colorata,
0,,,Trachycardium consors,
0,,,Trachycardium panamense,
0,,,Trachycardium procerum,
0,,,Trachycardium rugosum,
0,,,Trachycardium quadragenarium,
0,,,Trachycardium rubicundum,
0,,,Trachycardium angulatum,
0,,,Trachycardium orbita,
0,,,Trachycardium subrugosum,
0,,,Fragum hemicardium,
0,,,Plagiocardium pseudolatum,
0,,,Ciliatocardium ciliatum,
0,,,Donacilla cornea,
0,,,Mesodesma donacium,
0,,,Mesodesma mactroides,
0,,,Mesodesma subtriangulatum,
0,,,Mesodesma ventricosum,
0,,,Laternula truncata,
0,,,Limopsis marionensis,
0,,,Codakia interrupta,
0,,,Austriella corrugata,
0,,,Epicodakia bella,
0,,,Loripes lucinalis,
0,0,Q1873467,Nördliche Mondmuschel,3302995
0,,,Malletia gigantea,
0,,,Carditamera floridana,
0,,,Cardites tankervillei,
0,,,Cardites bicolor,
0,,,Cyclocardia astartoides,
0,,,Cardiocardita ajar,
0,,,Beguina semiorbiculata,
0,,,Estellacar olivacea,
0,,,Portlandia isonota,
0,,,Yoldia eightsii,
0,,,Barnea subtruncata,
0,,,Barnea truncata,
0,,,Pholas chiloensis,
0,,,Pholas orientalis,
0,,,Talona explanata,
0,,,Gari elongata,
0,,,Gari minor,
0,,,Gari togata,
0,,,Gari squamosa,
0,,,Gari truncata,
0,0,Q3787489,Flache Sandmuschel,9412688
0,0,Q3801358,Sandmuschel,9412164
0,,,Heterodonax pacificus,
0,,,Hiatula chinensis,
0,,,Nuttallia nuttallii,
0,,,Sanguinolaria cruenta,
0,,,Asaphis violascens,
0,,,Soletellina diphos,
0,,,Semele radiata,
0,,,Semele decisa,
0,,,Semele solida,
0,,,Tagelus dombeii,
0,,,Tagelus plebeius,
0,,,Tagelus peruvianus,
0,,,Tagelus adansonii,
0,,,Azorinus abbreviatus,
0,,,Azorinus chamasolen,
0,,,Solecurtus divaricatus,
0,,,Macoma brevifrons,
0,,,Macoma constricta,
0,,,Macoma grandis,
0,,,Macoma secta,
0,,,Macoma cancellata,
0,0,Q3796731,Kalk-Plattmuschel,9438675
0,,,Tellina incarnata,
0,,,Tellina alternata,
0,,,Tellina planata,
0,,,Tellina staurella,
0,,,Tellina virgata,
0,,,Tellina laceridens,
0,,,Tellina foliacea,
0,,,Tellina linguafelis,
0,,,Tellina palatam,
0,,,Tellina remies,
0,,,Tellina scobinata,
0,,,Tellina albicans,
0,,,Tellina pulchella,
0,,,Tellina hyalina,
0,,,Tellina senegambiensis,
0,,,Tellina strigosa,
0,,,Apolymetis ephippium,
0,,,Apolymetis papyracea,
0,0,Q13603536,Gastrana fragilis,9436641
0,,,Bactronophorus thoracites,
0,,,Lyrodus pedicellatus,
0,0,Q3787451,Mysia undata,9406752
0,0,Q14363721,Gelbe Schotenmuschel,8893445
0,,,Thracia papyracea,
0,,,Sepiadarium kochii,
0,,,Sepiadarium austrinum,
0,,,Sepia arabica,
0,,,Sepia brevimana,
0,,,Sepia elobyana,
0,,,Sepia lorigera,
0,,,Sepia murrayi,
0,,,Sepia omani,
0,,,Sepia savignyi,
0,,,Sepia opipara,
0,,,Sepia grahami,
0,,,Sepia papuensis,
0,,,Sepia plangon,
0,,,Sepia prabahari,
0,,,Sepia ramani,
0,,,Sepia rozella,
0,,,Sepia smithi,
0,,,Sepia sulcata,
0,,,Sepia whitleyana,
0,,,Sepiella ornata,
0,,,Sepiella weberi,
0,,,Rossia tortugaensis,
0,,,Austrorossia antillensis,
0,,,Sepiola affinis,
0,,,Sepiola intermedia,
0,,,Sepiola ligulata,
0,,,Sepiola robusta,
0,,,Sepiola parva,
0,,,Sepiola trirostrata,
0,,,Sepietta neglecta,
0,,,Sepietta obscura,
0,,,Semirossia equalis,
0,,,Loligo uyii,
0,,,Loligo chinensis,
0,,,Loligo edulis,
0,,,Loligo beka,
0,,,Loligo kobiensis,
0,,,Loligo japonica,
0,,,Loligo ocula,
0,,,Loligo roperi,
0,,,Loligo sanpaulensis,
0,,,Loligo sibogae,
0,,,Loligo surinamensis,
0,,,Lolliguncula mercatoris,
0,,,Lolliguncula panamensis,
0,,,Loliolopsis diomedeae,
0,,,Uroteuthis singhalensis,
0,,,Ommastrephes caroli,
0,,,Symplectoteuthis luminosa,
0,,,Martialia hyadesi,
0,,,Onykia lonnbergi,
0,,,Leachia cyclura,
0,,,Liguriella podophthalma,
0,,,Megalocranchia maxima,
0,,,Octopus tenuicirrus,
0,,,Octopus variabilis,
0,,,Octopus burryi,
0,,,Octopus conispadiceus,
0,,,Octopus defilippi,
0,,,Octopus dollfusi,
0,,,Octopus globosus,
0,,,Octopus hummelincki,
0,,,Octopus lobensis,
0,,,Octopus membranaceus,
0,,,Octopus selene,
0,,,Octopus zonatus,
0,,,Octopus neglectus,
0,,,Bathypolypus sponsalis,
0,,,Tetracheledone spinicirrhus,
0,,,Benthoctopus januarii,
0,,,Danoctopus schmidti,
0,,,Euaxoctopus pillsburyae,
0,,,Scaeurgus unicirrhus,
0,,,Pteroctopus tetracirrhus,
0,,,Adelieledone polymorpha,
0,,,Bentheledone rotunda,
0,,,Chiroteuthis picteti,
0,,,Histioteuthis corona,
0,,,Histioteuthis elongata,
0,,,Pholidoteuthis adami,
0,,,Pholidoteuthis boschmai,
0,,,Abraliopsis pfefferi,
0,,,Ancistrocheirus lesueuri,
0,,,Gonatopsis makko,
0,,,Gonatus madokai,
0,,,Gonatus kamtschaticus,
0,,,Gonatus steenstrupi,
0,,,Brachioteuthis picta,
0,,,Opisthoteuthis agassizii,
0,,,Ctenopteryx sicula,
0,,,Benthoctopus tegginmathae,
0,,,Chatoderma argenteum,
0,,,Prochaetoderma californicum,
0,,,Dondersia californica,
0,,,Chiton articulatus,
0,,,Chiton stokesii,
0,,,Tonicia schrammi,
0,,,Tonicella rubra,
0,,,Callistochiton portobelensis,
0,,,Ischnochiton boogii,
0,,,Hanleya hanleyi,
0,,,Ceratozona squalida,
0,,,Placiphorella pacifica,
0,,,Acanthochitona andersoni,
0,,,Leptochiton kerguelensis,
0,,,Leptochiton asellus,
0,,,Antalis entale,
0,,,Dentalium agassizi,
0,,,Fissidentalium aegeum,
0,,,Heteroschismoides callithrix,
0,,,Pulsellum salishorum,
0,,,Mesoplodon hotaura,
0,,,Phocaena dioptrica,
0,,,Lutra felina,
0,,,Rana blythii,
0,,,Ciona edwardsi,
0,,,Ciona fascilularis,
0,,,Ciona gelatinosa,
0,,,Ciona imperfecta,
0,,,Ciona mollis,
0,,,Styela nordenskjoeldi,
0,,,Cnemidocarpa bicornuta,
0,,,Cnemidocarpa verrucosa,
0,,,Oligocarpa megalorchis,
0,,,Ascidia challengeri,
0,,,Tylobranchion speciosum,
0,,,Sycozoa sigillinoides,
0,,,Aplidiopsis discoveryi,
0,,,Eugyra kerguelenensis,
0,,,Molgula kerguelenensis,
0,,,Molgula malvinensis,
0,,,Molgula pedunculata,
0,,,Molgula sluiteri,
0,,,Microcosmus sulcatus,
0,,,Microcosmus polymorphus,
0,,,Microcosmus vulgaris,
0,,,Oikopleura (Coecaria) fusiformis,
0,,,Oikopleura (Vexillaria) gorskyi,
0,,,Oikopleura(Vexillaria) labradoriensis,
0,,,Oikopleura (Vexillaria) parva,
0,,,Oikopleura (Vexillaria) villafrancae,
0,,,Oikopleura (Vexillaria) dioica,
0,,,Oikopleura (Coecaria) longicauda,
0,,,Oikopleura (Vexillaria) vanhoeffeni,
0,,,Colossendeis enigmatica,
0,,,Colossendeis robusta,
0,,,Austrodecus simulans,
0,,,Austropallene brachyura,
0,,,Oropallene dimorpha,
0,,,Pseudopallene glutus,
0,,,Decolopoda australis,
0,,,Nymphon brachyrhynchum,
0,,,Pallenopsis vanhoeffeni,
0,,,Cosmasterias dyscrita,
0,,,Sclerasterias mollis,
0,0,Q2515840,Gänsefuß-Seestern,9091295
0,,,Dipsacaster magnificus,
0,,,Plutonaster knoxi,
0,,,Psilaster acuminatus,
0,,,Bathybiaster loripes,
0,,,Leptychaster kerguelenensis,
0,,,Benthopecten pikei,
0,,,Cheiraster hirsutus,
0,,,Hippasteria falklandica,
0,,,Lithosoma novaezelandiae,
0,,,Mediaster sladeni,
0,,,Odontaster benhami,
0,,,Odontaster meridionalis,
0,,,Acodontaster elongatus,
0,,,Crossaster multispinus,
0,,,Solaster torulatus,
0,,,Solaster regularis,
0,,,Cuenotaster involutus,
0,,,Henricia obesa,
0,,,Rhopiella hirsuta,
0,,,Cycethra verrucosa,
0,,,Porania antarctica,
0,,,Pteraster rugatus,
0,,,Ophioderma brevispinum,
0,,,Bathypectinura heros,
0,,,Astrothorax waitei,
0,,,Gorgonocephalus chilensis,
0,,,Astrotoma agassizii,
0,,,Ophiacantha imago,
0,,,Ophiacantha pentactis,
0,,,Ophiacantha vivipara,
0,,,Ophiocten amitinum,
0,,,Ophiomisidium speciosum,
0,,,Ophionotus hexactis,
0,,,Ophiura ambigua,
0,,,Ophioplinthus carinata,
0,,,Asteronyx loveni,
0,,,Strongylocentrotus nudus,
0,,,Echinus multidentatus,
0,,,Anthocidaris crassispina,
0,,,Clypeaster rotundus,
0,,,Encope grandis,
0,,,Goniocidaris parasol,
0,,,Goniocidaris umbraculum,
0,,,Ctenocidaris nutrix,
0,,,Paramaretia peloria,
0,,,Pseudechinus flemingi,
0,,,Actinopyga palauensis,
0,,,Actinopyga spinea,
0,,,Bohadschia similis,
0,,,Bohadschia subrubra,
0,,,Bohadschia atra,
0,,,Holothuria fuscogilva,
0,,,Holothuria coluber,
0,,,Holothuria arenacava,
0,,,Holothuria kefersteini,
0,,,Holothuria lessoni,
0,,,Holothuria notabilis,
0,,,Holothuria whitmaei,
0,,,Holothuria arguinensis,
0,,,Paradota marionensis,
0,,,Pseudostichopus peripatus,
0,,,Cucumaria kerguelensis,
0,,,Cucumaria japonica,
0,,,Heterocucumis godeffroyi,
0,,,Pseudocnus laevigatus,
0,,,Staurocucumis liouvillei,
0,,,Trachythyone muricata,
0,,,Athyonidium chilensis,
0,,,Psolidium poriferum,
0,,,Psolus ephippifer,
0,,,Psolus paradubiosus,
0,,,Parastichopus tremulus,
0,0,Q28319165,Königsseegurke,1395191
0,,,Stichopus naso,
0,,,Stichopus pseudohorrens,
0,,,Apostichopus parvimensis,
0,,,Solanometra antarctica,
0,,,Conocrinus lofotensis,
0,,,Arachnopusia inchoata,
0,,,Malakosaria sinclairii,
0,,,Caberea darwinii,
0,,,Galeopsis bullatus,
0,,,Carbasea ovoidea,
0,,,Isoseculiflustra angusta,
0,,,Lageneschara lyrulata,
0,,,Pemmatoporella marginata,
0,,,Smittina anecdota,
0,,,Smittoidea ornatipectoralis,
0,,,Eucratea loricata,
0,,,Rhopilema asamushi,
0,,,Rhopilema hispidum,
0,,,Notosaria nigricans,
0,,,Lumbrineris impatiens,
0,,,Neanthes kerguelensis,
0,,,Perinereis rullieri,
0,,,Hyalinoecia tubicola,
0,,,Arenicola defodiens,
0,,,Phascolosoma arcuatum,
0,,,Pinctada anomioides,
0,,,Pinctada capensis,
0,,,Pinctada sugillata,
0,,,Pteria avicular,
0,,,Placuna ephippium,
0,,,Corallium japonicum,
0,,,Corallium elatius,
0,,,Corallium konojoi,
0,,,Corallium secundum,
0,,,Corallium regale,
0,,,Corallium sp. nov.,
0,,,Glyphoperidium bursa,
0,,,Gardinoseris planulata,
0,,,Diaseris distorta,
0,,,Actinauge richardi,
0,,,Porites panamensis,
0,,,Antipathes grandis,
0,,,Lepidisis olapa,
0,,,Keratoisis ornata,
0,,,Duva florida,
0,,,Stauropathes arctica,
0,,,Acanthogorgia armata,
0,,,Paragorgia johnsoni,
0,,,Primnoa resedaeformis,
0,,,Radicipes gracilis,
0,,,Halipteris finmarchica,
0,,,Pennatula borealis,
0,,,Capnea georgiana,
0,,,Anthothela grandiflora,
0,,,Pachycerianthus borealis,
0,,,Distichoptilum gracile,
0,,,Leucetta leptoraphis,
0,,,Eurete simplicissimum,
0,,,Chonelasma choanoides,
0,,,Asconema foliatum,
0,,,Vazella pourtalesii,
0,,,Hippospongia lachne,
0,,,Spongia agaricina,
0,,,Spongia barbara,
0,,,Spongia graminea,
0,,,Spongia tubulifera,
0,,,Spongia nitens,
0,,,Spongia zimocca,
0,,,Callyspongia ramosa,
0,,,Crella incrustans,
0,,,Geodia vestigifera,
0,,,Psammocinia hawere,
0,,,Poecillastra laminaris,
0,,,Aciculites pulchra,
0,,,Stylocordyla borealis,
0,,,Suberites caminatus,
0,,,Tetilla leptoderma,
0,,,Iophon piceum,
0,,,Stryphnus fortis,
0,,,Biemna variantia,
0,,,Lissodendoryx complicata,
0,,,Spongionella pulchella,
0,,,Esperiopsis villosa,
0,,,Hamacantha carteri,
0,,,Mycale lingua,
0,,,Quasillina brevis,
0,,,Radiella hemisphaerica,
0,,,Tentorium semisuberites,
0,,,Hydroclathrus clathratus,
0,,,Saccharina longissima,
0,,,Alaria pylaiei,
0,,,Lessonia fuscescens,
0,,,Silvetia siliquosa,
0,,,Sargassum polycystum,
0,,,Sargassum cristaefolium,
0,,,Sargassum oligocystum,
0,,,Sargassum vulgare,
0,,,Sargassum paniculatum,
0,,,Sargassum crassifolium,
0,,,Sargassum thunbergii,
0,,,Turbinaria decurrens,
0,,,Turbinaria conoides,
0,,,Dictyopteris undulata,
0,,,Dictyopteris plagiogramma,
0,,,Nemacystus decipiens,
0,,,Saccorhiza dermatodea,
0,,,Hypnea musciformis,
0,,,Hypnea boergesenii,
0,,,Hypnea charoides,
0,,,Hypnea chordacea,
0,,,Hypnea pannosa,
0,,,Hypnea valentiae,
0,,,Hypnea cornuta,
0,,,Hypnea japonica,
0,,,Hypnea saidana,
0,,,Hypnea spicifera,
0,,,Hypnea spinella,
0,,,Gymnogongrus tenuis,
0,,,Gymnogongrus furcellatus,
0,,,Solieria chordalis,
0,,,Solieria filiformis,
0,,,Eucheuma cottonii,
0,,,Eucheuma arnoldii,
0,,,Eucheuma isiforme,
0,,,Meristotheca dakarensis,
0,,,Meristotheca senegalense,
0,,,Cystoclonium purpureum,
0,,,Mastocarpus pacificus,
0,,,Corallina elongata,
0,,,Jania adhaerens,
0,,,Lithothamnion corallioides,
0,,,Lithophyllum lichenoides,
0,,,Sphaerococcus coronopifolius,
0,,,Gracilaria chilensis,
0,,,Gracilaria dura,
0,,,Gracilaria arcuata,
0,,,Gracilaria edulis,
0,,,Gracilaria salicornia,
0,,,Gracilaria spinigera,
0,,,Gracilaria textorii,
0,,,Gracilaria veleroae,
0,,,Gracilaria verrucosa,
0,,,Gracilaria gracilis,
0,,,Hydropuntia eucheumatoides,
0,,,Chondrus elatus,
0,,,Chondrus ocellatus,
0,,,Chondrus pinnulatus,
0,,,Gigartina skottsbergii,
0,,,Chondracanthus teedei,
0,,,Chondracanthus acicularis,
0,,,Chondracanthus chamissoi,
0,,,Sarcothalia crispata,
0,,,Mazzaella laminarioides,
0,,,Porphyra linearis,
0,,,Porphyra leucosticta,
0,,,Porphyra laciniata,
0,,,Porphyra perforata,
0,0,Q1463232,Roter Horntang,9042845
0,,,Ceramium pacificum,
0,,,Ceramium codii,
0,,,Ceramium fimbriatum,
0,,,Ceramium kondoi,
0,,,Ceramium paniculatum,
0,,,Ceramium tenerrimum,
0,,,Ballia callitricha,
0,,,Centroceras clavulatum,
0,,,Alsidium helminthochorton,
0,,,Digenea simplex,
0,,,Laurencia obtusa,
0,,,Laurencia pacifica,
0,,,Laurencia sinicola,
0,,,Cladodonta lyallii,
0,,,Scinaia hormoides,
0,,,Ptilonia magellanica,
0,,,Gelidium chilense,
0,,,Gelidium crinale,
0,,,Gelidium johnstonii,
0,,,Gelidium rex,
0,,,Gelidium lingulatum,
0,,,Gelidium madagascariense,
0,,,Pterocladiella capillacea,
0,,,Pterocladiella caerulescens,
0,,,Gelidiella acerosa,
0,,,Pterocladia heteroplatos,
0,,,Pterocladia lucida,
0,,,Pterocladia nana,
0,,,Halymenia dilatata,
0,,,Ahnfeltia fastigiata,
0,,,Lomentaria clavellosa,
0,,,Nannochloris atomus,
0,,,Codium adhaerens,
0,,,Codium contractum,
0,,,Codium cylindricum,
0,,,Codium edule,
0,,,Codium platylobium,
0,,,Codium repens,
0,,,Monostroma nitidum,
0,,,Enteromorpha lingulata,
0,,,Enteromorpha prolifera,
0,,,Ulva fasciata,
0,,,Ulva pertusa,
0,,,Ulva reticulata,
0,,,Capsosiphon fulvescens,
0,,,Spirulina subsalsa,
0,,,Spirulina maxima,
0,,,Nitzschia closterium,
0,,,Posidonia angustifolia,
0,,,Scirpus acutus,
